STATIONS_ID;MESS_DATUM;QN_3;  FX;  FM;QN_4; RSK;RSKF; SDK;SHK_TAG;  NM; VPM;  PM; TMK; UPM; TXK; TNK; TGK;eor
       1766;20210202;   10;   7.2;   1.9;    3;   7.0;   6;    0.000;   0;   7.9;   7.7;  993.82;    3.2;   99.25;    9.2;    0.3;    0.1;eor
       1766;20210203;   10;   9.4;   3.0;    3;  15.2;   6;    0.000;   0;   7.5;  10.4;  990.63;    8.2;   95.63;    9.6;    6.3;    5.8;eor
       1766;20210204;   10;  10.6;   4.0;    3;   0.0;   6;    0.150;   0;   6.2;   8.4; 1005.21;    6.2;   88.75;    7.9;    1.0;   -1.7;eor
       1766;20210205;   10;   4.6;   1.8;    3;   1.0;   6;    0.133;   0;   6.5;   7.7; 1006.35;    4.3;   91.96;    7.3;    0.1;   -1.7;eor
       1766;20210206;   10;  13.7;   4.1;    3;   9.1;   8;    0.000;   0;   8.0;   5.9; 1005.21;    0.8;   90.29;    3.8;   -2.4;   -2.2;eor
       1766;20210207;   10;  15.4;   5.3;    3;   5.9;   7;    0.000;  15;   8.0;   3.6;  996.92;   -5.0;   84.92;   -2.3;   -6.1;   -6.0;eor
       1766;20210208;   10;  11.5;   3.2;    3;   5.4;   7;    0.000;  22;   8.0;   3.0;  996.98;   -7.1;   83.29;   -5.8;   -9.8;  -13.3;eor
       1766;20210209;   10;   6.2;   1.5;    3;   0.0;   7;    7.083;  27;   3.7;   2.4; 1001.29;  -10.0;   84.00;   -3.9;  -14.8;  -23.0;eor
       1766;20210210;   10;   9.6;   2.3;    3;   0.0;   7;    0.050;  27;   6.6;   3.0; 1007.92;   -7.0;   82.38;   -2.6;  -13.5;  -19.0;eor
       1766;20210211;   10;   4.6;   1.0;    3;   0.0;   0;    8.400;  26;   2.3;   2.7; 1022.97;   -8.0;   82.04;   -1.5;  -13.9;  -22.8;eor
       1766;20210212;   10;   9.8;   2.0;    3;   0.0;   7;    6.733;  23;   2.1;   2.7; 1029.32;   -8.4;   82.88;   -2.8;  -15.2;  -23.7;eor
       1766;20210213;   10;   6.0;   1.5;    3;   0.0;   0;    9.017;  22;   0.3;   2.2; 1034.34;   -8.8;   72.79;   -0.6;  -17.3;  -25.7;eor
       1766;20210214;   10;   7.7;   2.7;    3;   0.0;   0;    7.450;  21;   5.2;   2.8; 1031.44;   -4.0;   62.92;    2.1;  -10.8;  -17.6;eor
       1766;20210215;   10;   8.7;   3.7;    3;   3.1;   8;    0.000;  19;   7.5;   5.0; 1018.66;    1.1;   72.08;    3.9;   -2.4;   -4.8;eor
       1766;20210216;   10;   7.2;   2.9;    3;   1.0;   6;    0.033;  15;   7.6;   8.0; 1009.09;    5.3;   89.96;    8.1;    3.2;    0.9;eor
       1766;20210217;   10;   8.7;   3.7;    3;   0.0;   6;    0.467;   8;   6.9;   9.1; 1008.87;    8.1;   84.67;   10.6;    5.8;    4.0;eor
       1766;20210218;   10;  17.0;   3.7;    3;   2.1;   6;    0.067;   0;   7.3;   8.6; 1005.12;    8.4;   78.88;   11.2;    5.8;    4.4;eor
       1766;20210219;   10;   9.3;   4.0;    3;   0.0;   0;    7.583;   0;   5.5;   8.0; 1009.40;    7.3;   78.92;   10.6;    3.5;    1.4;eor
       1766;20210220;   10;   7.5;   2.8;    3;   0.0;   0;    6.400;   0;   6.5;   9.2; 1007.87;   10.3;   73.71;   16.1;    5.4;    3.4;eor
       1766;20210221;   10;   5.7;   2.1;    3;   0.0;   0;    9.250;   0;   2.1;   8.6; 1008.38;   10.7;   68.58;   18.0;    4.9;    0.1;eor
       1766;20210222;   10;   6.2;   2.5;    3;   0.0;   0;    5.233;   0;   2.8;   7.8; 1013.20;   11.8;   57.71;   18.1;    6.6;    3.3;eor
       1766;20210223;   10;  11.8;   3.5;    3;   0.0;   0;    5.267;   0;   5.8;  10.1; 1022.57;   13.7;   64.29;   18.7;    5.3;    3.7;eor
       1766;20210224;   10;  11.3;   3.3;    3;   0.0;   0;    9.300;   0;   3.2;  10.4; 1022.63;   13.7;   67.46;   19.1;   10.0;    5.5;eor
       1766;20210225;   10;   8.2;   2.4;    3;   5.7;   6;    7.900;   0;   3.9;  10.1; 1020.11;   10.8;   79.33;   17.9;    3.9;    1.1;eor
       1766;20210226;   10;   8.7;   2.8;    3;   0.0;   0;    4.450;   0;   5.2;   7.9; 1026.72;    7.4;   77.71;   11.4;    1.6;   -1.2;eor
       1766;20210227;   10;   5.3;   1.9;    3;   0.0;   0;    0.050;   0;   7.2;   7.6; 1033.29;    5.1;   87.13;    7.8;    2.8;    0.2;eor
       1766;20210228;   10;   7.9;   1.7;    3;   0.0;   0;    5.800;   0;   3.0;   7.4; 1031.35;    4.3;   89.96;   11.1;   -0.9;   -1.9;eor
       1766;20210301;   10;   6.2;   2.0;    3;   0.0;   0;    4.700;   0;   3.1;   7.2; 1028.24;    4.2;   87.29;    9.2;   -0.2;   -3.7;eor
       1766;20210302;   10;   5.8;   1.2;    3;   0.0;   0;   10.150;   0;   0.0;   6.9; 1024.97;    6.2;   76.08;   16.3;   -2.3;   -4.4;eor
       1766;20210303;   10;   7.0;   2.2;    3;   0.0;   6;    3.933;   0;   3.7;   7.7; 1020.58;    7.0;   77.21;   14.1;    1.4;   -2.7;eor
       1766;20210304;   10;   9.3;   2.7;    3;   0.0;   6;    0.000;   0;   7.8;   6.9; 1014.58;    3.3;   90.08;    4.6;    2.2;    2.6;eor
       1766;20210305;   10;   8.2;   3.1;    3;   0.0;   0;   10.383;   0;   1.4;   4.3; 1022.15;    1.3;   65.58;    5.8;   -3.6;   -7.5;eor
       1766;20210306;   10;   4.6;   1.1;    3;   0.0;   0;    4.383;   0;   3.8;   4.9; 1026.52;    1.2;   75.42;    7.6;   -5.6;   -9.0;eor
       1766;20210307;   10;   7.2;   2.1;    3;   0.3;   8;    0.350;   0;   5.7;   5.3; 1018.93;    1.5;   78.88;    5.3;   -3.7;   -7.3;eor
       1766;20210308;   10;   4.5;   1.7;    3;   5.4;   6;    0.083;   0;   7.3;   6.9; 1015.84;    4.1;   84.38;    6.4;    2.2;    2.0;eor
       1766;20210309;   10;   8.7;   2.6;    3;   5.5;   6;    0.000;   0;   7.3;   7.8; 1010.98;    3.9;   95.96;    6.7;    0.6;   -1.3;eor
       1766;20210310;   10;  14.6;   3.3;    3;   2.8;   6;    0.000;   0;   7.7;   7.6; 1008.55;    5.7;   84.79;    9.3;    1.9;    1.7;eor
       1766;20210311;   10;  27.1;   8.6;    3;   2.6;   6;    1.717;   0;   6.9;   8.8;  991.02;    8.7;   78.29;   13.1;    6.2;    5.4;eor
       1766;20210312;   10;  20.2;   7.7;    3;   4.3;   6;    4.117;   0;   6.3;   7.5;  996.69;    6.5;   78.04;    9.4;    4.8;    3.7;eor
       1766;20210313;   10;  23.1;   9.0;    3;   4.9;   8;    3.133;   0;   6.3;   7.6;  987.95;    6.5;   78.00;    8.8;    4.5;    3.0;eor
       1766;20210314;   10;  17.1;   5.7;    3;   7.7;   6;    2.550;   0;   6.7;   7.6; 1000.35;    5.7;   82.42;    8.3;    3.8;    3.0;eor
       1766;20210315;   10;  15.4;   4.9;    3;   1.6;   6;    2.400;   0;   6.5;   7.6; 1005.14;    5.9;   82.79;    9.2;    3.4;    2.4;eor
       1766;20210316;   10;  10.3;   3.9;    3;   1.0;   6;    3.967;   0;   6.7;   6.6; 1015.10;    6.0;   71.21;    9.3;    2.7;   -1.2;eor
       1766;20210317;   10;   9.8;   2.6;    3;   1.0;   8;    2.450;   0;   6.4;   6.9; 1018.41;    4.0;   84.79;    7.4;    1.1;   -1.2;eor
       1766;20210318;   10;   6.7;   2.1;    3;   0.0;   6;    0.033;   0;   6.5;   6.8; 1016.64;    2.8;   90.50;    6.0;   -0.9;   -2.4;eor
       1766;20210319;   10;  10.1;   3.8;    3;   0.0;   6;    7.483;   0;   2.9;   5.3; 1018.35;    3.0;   70.83;    7.7;   -1.7;   -4.5;eor
       1766;20210320;   10;   7.7;   2.5;    3;   0.9;   6;    3.650;   0;   5.3;   5.2; 1021.44;    2.5;   70.58;    7.2;   -4.1;   -6.9;eor
       1766;20210321;   10;  14.7;   5.7;    3;   0.2;   6;    0.200;   0;   7.5;   7.2; 1015.14;    5.8;   77.96;    7.7;    3.9;    2.7;eor
       1766;20210322;   10;  10.6;   3.3;    3;   0.1;   6;    0.200;   0;   7.4;   7.4; 1017.47;    5.6;   81.58;    7.7;    3.6;    2.7;eor
       1766;20210323;   10;   9.3;   2.7;    3;   0.0;   0;    1.850;   0;   5.6;   7.5; 1018.44;    6.6;   77.63;   11.3;    0.8;   -2.7;eor
       1766;20210324;   10;   9.3;   2.5;    3;   0.0;   0;    9.983;   0;   2.3;   7.4; 1015.74;    7.1;   76.46;   15.4;   -0.7;   -3.8;eor
       1766;20210325;   10;   9.3;   2.2;    3;   0.1;   6;    2.817;   0;   5.2;   8.7; 1013.58;    7.9;   82.75;   14.4;    1.0;   -1.6;eor
       1766;20210326;   10;  11.7;   3.6;    3;   1.6;   6;    8.200;   0;   2.5;   8.4; 1009.73;   10.5;   69.63;   16.0;    3.5;   -1.1;eor
       1766;20210327;   10;  26.6;   6.2;    3;   1.7;   8;    3.900;   0;   6.4;   7.0; 1012.46;    6.1;   74.67;   10.5;    1.7;    0.0;eor
       1766;20210328;   10;  15.9;   5.1;    3;   0.0;   6;    0.983;   0;   7.3;   7.3; 1019.26;    9.3;   62.08;   13.2;    4.5;    3.3;eor
       1766;20210329;   10;  12.0;   4.7;    3;   0.0;   0;   11.833;   0;   2.3;   7.8; 1021.44;   13.5;   52.38;   20.0;    6.0;    1.1;eor
       1766;20210330;   10;   5.7;   1.4;    3;   0.0;   0;   11.967;   0;   2.0;   6.9; 1023.48;   12.0;   55.33;   22.2;    1.7;   -1.9;eor
       1766;20210331;   10;   6.5;   1.6;    3;   0.0;   0;   11.867;   0;   1.1;   7.8; 1015.60;   14.6;   50.38;   24.5;    4.7;   -0.5;eor
       1766;20210401;   10;  10.3;   3.5;    3;   0.0;   0;   11.017;   0;   4.5;   8.7; 1014.97;   10.8;   67.79;   15.5;    4.3;   -0.1;eor
       1766;20210402;   10;  10.6;   4.0;    3;   0.3;   6;    0.200;   0;   7.0;   7.0; 1018.38;    5.5;   78.13;    7.8;    3.2;    0.8;eor
       1766;20210403;   10;  11.5;   3.3;    3;   0.0;   6;    4.617;   0;   5.2;   6.6; 1019.82;    6.4;   70.83;   12.9;    1.3;   -1.8;eor
       1766;20210404;   10;  11.0;   3.7;    3;   0.0;   6;    0.000;   0;   7.5;   6.6; 1015.83;    5.7;   72.42;    7.9;    4.2;    3.3;eor
       1766;20210405;   10;  17.3;   7.0;    3;   6.6;   8;    3.217;   0;   7.0;   6.1; 1001.39;    3.0;   80.04;    6.6;   -0.7;   -0.4;eor
       1766;20210406;   10;  15.9;   5.4;    3;   3.0;   7;    4.717;   3;   5.8;   5.8; 1003.49;    1.6;   84.38;    5.2;   -0.4;   -1.3;eor
       1766;20210407;   10;  17.3;   5.6;    3;   2.0;   8;    1.683;   1;   5.7;   6.2; 1007.84;    2.2;   85.83;    7.1;   -1.1;   -2.2;eor
       1766;20210408;   10;  11.3;   4.8;    3;   0.0;   0;    1.250;   0;   6.3;   5.2; 1015.05;    3.9;   67.08;    7.8;    0.2;   -3.0;eor
       1766;20210409;   10;  12.5;   4.2;    3;   0.3;   6;    4.067;   0;   7.0;   6.5; 1007.29;    7.8;   61.96;   13.1;    1.8;   -0.8;eor
       1766;20210410;   10;   8.2;   2.9;    3;  12.7;   6;    0.000;   0;   7.9;   8.6; 1005.97;    6.2;   90.21;    8.7;    4.7;    4.1;eor
       1766;20210411;   10;   9.8;   3.8;    3;   0.9;   6;    0.033;   0;   7.6;   7.8; 1005.71;    5.4;   85.38;    9.3;   -0.1;   -1.7;eor
       1766;20210412;   10;  13.2;   2.9;    3;   1.0;   8;    6.217;   0;   4.8;   5.9; 1019.27;    2.6;   80.58;    8.2;   -1.6;   -3.3;eor
       1766;20210413;   10;  18.0;   3.6;    3;   0.6;   8;    8.417;   0;   3.2;   5.9; 1024.60;    4.1;   74.58;    9.9;   -1.1;   -3.9;eor
       1766;20210414;   10;  11.8;   2.1;    3;   0.1;   8;    9.017;   0;   3.2;   5.9; 1024.19;    2.8;   80.96;    8.9;   -3.0;   -5.7;eor
       1766;20210415;   10;   8.2;   2.4;    3;   0.0;   0;    7.200;   0;   3.5;   5.4; 1023.71;    4.1;   69.75;   10.4;   -3.1;   -6.3;eor
       1766;20210416;   10;   9.8;   3.3;    3;   0.0;   0;    6.917;   0;   6.0;   6.1; 1021.08;    7.4;   61.42;   12.9;    1.9;   -0.9;eor
       1766;20210417;   10;   9.6;   3.0;    3;   0.0;   6;    6.350;   0;   3.6;   6.2; 1018.34;    7.1;   64.21;   13.5;    0.4;   -3.8;eor
       1766;20210418;   10;   7.2;   2.0;    3;   2.4;   6;    4.850;   0;   6.1;   8.4; 1015.07;    9.6;   70.92;   16.5;    2.5;   -1.4;eor
       1766;20210419;   10;   7.7;   1.9;    3;   0.0;   0;    5.717;   0;   5.2;  10.0; 1013.79;   10.6;   79.58;   15.1;    6.0;    2.8;eor
       1766;20210420;   10;   7.0;   1.4;    3;   0.0;   0;    8.650;   0;   2.3;   9.3; 1010.83;   11.4;   71.17;   18.2;    4.2;    0.7;eor
       1766;20210421;   10;  11.3;   3.4;    3;   0.0;   0;    9.517;   0;   4.3;   7.1; 1011.62;    8.6;   64.67;   15.8;    1.9;   -2.1;eor
       1766;20210422;   10;  11.5;   3.9;    3;   0.0;   0;    6.600;   0;   4.6;   6.1; 1018.58;    6.9;   62.08;   12.5;    1.2;   -3.5;eor
       1766;20210423;   10;   8.6;   2.4;    3;   0.0;   0;   10.750;   0;   2.2;   6.1; 1022.11;    6.7;   64.58;   13.4;   -1.0;   -5.2;eor
       1766;20210424;   10;  10.3;   3.0;    3;   0.0;   0;   11.383;   0;   4.4;   6.1; 1020.92;    6.5;   65.17;   12.8;   -0.5;   -4.1;eor
       1766;20210425;   10;   7.7;   3.1;    3;   0.0;   0;    5.550;   0;   4.3;   5.7; 1019.96;    6.5;   59.38;   11.8;    1.7;   -2.5;eor
       1766;20210426;   10;   6.9;   2.1;    3;   0.0;   0;   13.400;   0;   2.7;   5.2; 1013.56;    7.0;   55.67;   13.5;   -2.2;   -6.4;eor
       1766;20210427;   10;   8.6;   2.6;    3;   0.0;   0;   13.533;   0;   1.0;   4.7; 1005.42;    8.9;   42.71;   14.2;    3.5;   -1.7;eor
       1766;20210428;   10;   9.3;   2.8;    3;   0.0;   6;   10.783;   0;   4.1;   5.9;  998.30;   12.1;   43.33;   19.5;    3.0;   -2.5;eor
       1766;20210429;   10;  14.7;   6.2;    3;   1.3;   6;    4.033;   0;   6.8;   8.5;  997.04;   10.1;   70.00;   14.9;    6.5;    5.1;eor
       1766;20210430;   10;   5.7;   1.9;    3;   0.0;   6;    0.183;   0;   7.3;   9.3; 1006.00;    8.8;   82.29;   11.2;    4.0;    0.7;eor
       1766;20210501;   10;   9.4;   2.7;    3;   0.1;   6;    5.350;   0;   6.1;   7.7; 1006.92;    8.6;   71.04;   13.6;    3.9;   -0.8;eor
       1766;20210502;   10;  12.9;   4.2;    3;   0.0;   6;    3.283;   0;   5.3;   6.8; 1010.30;    7.2;   68.63;   12.5;    2.3;   -0.9;eor
       1766;20210503;   10;  13.0;   4.3;    3;   1.1;   6;    4.183;   0;   6.3;   6.4; 1010.33;    8.7;   59.92;   14.4;    0.4;   -3.3;eor
       1766;20210504;   10;  25.2;   9.2;    3;   5.0;   6;    3.100;   0;   6.3;   8.5;  991.58;    9.4;   72.79;   13.2;    7.1;    6.6;eor
       1766;20210505;   10;  21.6;   7.8;    3;   6.1;   8;    5.267;   0;   5.5;   7.2;  996.81;    7.4;   69.46;   11.7;    3.5;   -0.3;eor
       1766;20210506;   10;   7.7;   2.9;    3;   2.4;   6;    5.717;   0;   7.0;   7.1;  999.97;    7.0;   72.42;   11.8;    1.8;    1.9;eor
       1766;20210507;   10;  12.2;   3.7;    3;   0.0;   6;    6.617;   0;   4.5;   7.0; 1006.76;    7.3;   70.67;   13.2;    2.1;   -2.2;eor
       1766;20210508;   10;  12.9;   3.1;    3;   0.4;   6;    4.083;   0;   5.2;   7.8; 1007.60;    8.7;   70.54;   14.6;   -1.2;   -3.8;eor
       1766;20210509;   10;  13.2;   4.1;    3;   0.0;   6;   10.900;   0;   5.4;  12.2;  997.46;   20.1;   53.92;   29.2;    8.6;    5.6;eor
       1766;20210510;   10;  15.8;   4.5;    3;   3.4;   6;    2.050;   0;   7.0;  12.5;  999.20;   18.8;   58.13;   22.5;   13.9;   12.9;eor
       1766;20210511;   10;   6.9;   1.9;    3;   1.9;   6;    0.017;   0;   7.9;  14.8; 1002.41;   13.6;   94.71;   14.6;   12.3;   12.4;eor
       1766;20210512;   10;   9.8;   2.9;    3;   0.0;   0;    4.867;   0;   6.8;  11.8; 1004.23;   13.9;   75.42;   18.3;    8.8;    5.5;eor
       1766;20210513;   10;   6.3;   1.8;    3;   0.1;   6;    6.400;   0;   5.8;  11.0; 1001.28;   13.2;   74.17;   18.1;    6.6;    2.9;eor
       1766;20210514;   10;   7.9;   2.2;    3;   1.3;   6;    6.400;   0;   5.2;  11.0; 1001.15;   10.8;   85.88;   15.6;    7.1;    4.0;eor
       1766;20210515;   10;  12.9;   2.3;    3;   8.1;   6;    2.917;   0;   6.6;  11.0;  997.63;   10.2;   88.96;   14.9;    6.2;    3.4;eor
       1766;20210516;   10;  10.5;   3.3;    3;   3.2;   6;    4.533;   0;   6.6;  10.9;  994.71;   11.5;   81.38;   17.1;    7.0;    4.2;eor
       1766;20210517;   10;  11.3;   3.4;    3;   1.9;   6;    2.633;   0;   6.8;  11.7;  997.11;   11.3;   87.67;   16.4;    7.2;    5.2;eor
       1766;20210518;   10;   7.7;   2.1;    3;   3.5;   6;    2.350;   0;   6.3;  10.8; 1005.81;   10.6;   84.75;   14.5;    6.3;    3.2;eor
       1766;20210519;   10;  12.5;   2.2;    3;   0.8;   6;    3.250;   0;   5.1;  10.2; 1009.98;    9.5;   87.08;   16.4;    3.6;    1.0;eor
       1766;20210520;   10;  11.8;   2.7;    3;   0.1;   6;    7.300;   0;   4.0;   9.7; 1011.36;   11.5;   73.50;   16.8;    3.3;    0.1;eor
       1766;20210521;   10;  18.0;   5.6;    3;   3.2;   6;    4.783;   0;   4.6;   9.4;  997.31;   13.2;   63.38;   17.7;    9.7;    7.9;eor
       1766;20210522;   10;  17.8;   5.8;    3;   9.8;   6;    0.133;   0;   6.7;  10.4;  996.61;   10.6;   81.04;   12.1;    9.2;    8.2;eor
       1766;20210523;   10;  12.7;   3.8;    3;   2.9;   6;    4.567;   0;   6.7;   9.9; 1005.98;   11.4;   75.33;   15.9;    8.8;    6.0;eor
       1766;20210524;   10;  14.4;   4.2;    3;   1.5;   6;    5.733;   0;   6.5;  10.5; 1002.88;   12.9;   71.42;   18.8;    8.6;    5.5;eor
       1766;20210525;   10;  17.7;   4.6;    3;  15.1;   6;    1.650;   0;   6.9;  10.3; 1004.71;    9.8;   84.83;   13.8;    8.4;    7.7;eor
       1766;20210526;   10;  13.4;   5.7;    3;   6.4;   6;    3.217;   0;   6.8;  10.4; 1004.18;   11.2;   79.04;   16.1;    8.6;    8.2;eor
       1766;20210527;   10;  11.0;   5.0;    3;   2.7;   6;    0.183;   0;   7.3;  11.8; 1009.47;   10.5;   92.50;   13.1;    9.1;    8.0;eor
       1766;20210528;   10;   8.2;   2.5;    3;   0.0;   0;    7.683;   0;   4.6;  10.4; 1017.60;   12.2;   75.54;   19.0;    4.9;    2.2;eor
       1766;20210529;   10;   7.0;   2.0;    3;   0.0;   0;    7.000;   0;   3.1;  10.6; 1020.09;   11.8;   77.92;   17.8;    5.5;    3.1;eor
       1766;20210530;   10;   8.2;   2.0;    3;   0.0;   0;   15.033;   0;   0.4;  10.3; 1020.92;   14.7;   65.75;   22.1;    5.5;    2.5;eor
       1766;20210531;   10;   8.9;   2.4;    3;   0.0;   0;   13.833;   0;   0.9;   9.8; 1016.55;   15.9;   60.21;   22.9;    7.9;    4.8;eor
       1766;20210601;   10;   7.7;   2.1;    3;   0.0;   0;   15.250;   0;   2.7;  10.1; 1012.09;   17.8;   53.08;   24.8;    6.7;    3.2;eor
       1766;20210602;   10;   6.2;   1.5;    3;   0.0;   0;   11.683;   0;   4.4;  12.8; 1009.35;   20.7;   55.17;   27.8;   12.6;    9.6;eor
       1766;20210603;   10;   9.1;   2.6;    3;  18.0;   6;    4.317;   0;   6.6;  16.8; 1012.69;   20.4;   70.46;   27.0;   15.5;   12.5;eor
       1766;20210604;   10;   4.6;   1.3;    3;   0.0;   0;    6.183;   0;   6.3;  19.0; 1013.95;   20.9;   78.88;   26.2;   14.9;   13.6;eor
       1766;20210605;   10;   9.3;   3.3;    3;   0.0;   6;    1.800;   0;   7.0;  18.8; 1013.40;   19.3;   83.92;   22.4;   15.6;   15.7;eor
       1766;20210606;   10;   7.0;   3.2;    3;   0.0;   6;    0.000;   0;   7.6;  15.8; 1016.57;   15.7;   88.88;   18.0;   13.9;   14.2;eor
       1766;20210607;   10;   6.2;   2.2;    3;   0.0;   0;    1.133;   0;   7.0;  14.9; 1017.17;   16.7;   79.17;   20.5;   13.6;   12.1;eor
       1766;20210608;   10;   6.3;   1.7;    3;   0.0;   0;    4.000;   0;   5.7;  15.6; 1016.67;   17.8;   77.38;   23.8;   10.9;    8.1;eor
       1766;20210609;   10;   6.7;   1.6;    3;   0.0;   0;   10.167;   0;   4.9;  16.2; 1014.87;   21.0;   67.96;   27.1;   13.8;   12.2;eor
       1766;20210610;   10;   8.7;   2.2;    3;   0.0;   0;   14.733;   0;   4.8;  14.7; 1014.08;   20.9;   62.33;   26.5;   13.2;   10.1;eor
       1766;20210611;   10;   8.2;   2.8;    3;   0.1;   6;   10.467;   0;   4.1;  16.8; 1012.39;   21.0;   69.38;   26.6;   13.7;   11.2;eor
       1766;20210612;   10;  14.9;   4.8;    3;   0.1;   6;    6.883;   0;   5.2;  14.2; 1013.69;   18.2;   68.75;   22.1;   10.4;    7.7;eor
       1766;20210613;   10;   8.9;   1.8;    3;   0.0;   0;   15.383;   0;   0.4;  10.6; 1020.43;   15.9;   61.71;   22.8;    7.5;    3.7;eor
       1766;20210614;   10;   9.6;   2.4;    3;   0.0;   0;   14.900;   0;   3.0;  13.2; 1014.66;   20.2;   59.58;   28.1;    9.7;    5.7;eor
       1766;20210615;   10;   7.0;   2.4;    3;   0.0;   0;    9.617;   0;   6.1;  13.3; 1014.01;   18.4;   65.50;   23.9;   13.5;    8.9;eor
       1766;20210616;   10;   7.0;   1.8;    3;   0.0;   0;   14.417;   0;   5.3;  16.3; 1008.47;   22.4;   62.08;   31.2;   10.3;    6.5;eor
       1766;20210617;   10;   9.3;   3.2;    3;   0.0;   0;   14.817;   0;   2.6;  18.5; 1005.15;   27.8;   53.17;   35.5;   20.0;   16.4;eor
       1766;20210618;   10;   7.7;   2.1;    3;   0.0;   0;   11.833;   0;   3.0;  19.6; 1006.22;   26.0;   60.71;   33.2;   19.1;   16.7;eor
       1766;20210619;   10;  10.1;   3.3;    3;   8.9;   6;   13.583;   0;   5.0;  18.6; 1006.70;   24.6;   61.54;   30.1;   19.8;   17.4;eor
       1766;20210620;   10;  12.3;   4.3;    3;  14.5;   6;    6.933;   0;   6.3;  18.5; 1001.69;   22.4;   70.17;   27.0;   18.9;   18.6;eor
       1766;20210621;   10;  10.3;   4.6;    3;   4.9;   6;    0.000;   0;   7.4;  15.7; 1002.36;   15.0;   91.46;   18.8;   12.3;   12.1;eor
       1766;20210622;   10;   7.2;   3.0;    3;   1.3;   6;    3.200;   0;   6.7;  12.4; 1010.41;   14.9;   74.21;   19.4;   10.8;   10.3;eor
       1766;20210623;   10;   6.2;   2.7;    3;   0.0;   6;    0.917;   0;   7.2;  13.0; 1014.54;   15.8;   72.17;   19.8;   12.6;   12.3;eor
       1766;20210624;   10;   6.2;   2.5;    3;   0.0;   0;    3.783;   0;   6.8;  14.1; 1013.57;   16.8;   74.33;   21.5;   13.5;   12.0;eor
       1766;20210625;   10;   7.9;   2.2;    3;   0.1;   6;    7.267;   0;   6.1;  13.5; 1011.80;   17.9;   67.04;   21.3;   13.3;   11.5;eor
       1766;20210626;   10;   7.2;   1.8;    3;   0.0;   6;   12.000;   0;   5.4;  15.6; 1012.64;   20.2;   67.75;   25.3;   13.9;   11.5;eor
       1766;20210627;   10;   9.3;   2.1;    3;   0.8;   6;   11.533;   0;   4.8;  16.1; 1010.24;   21.6;   66.04;   28.2;   14.3;   10.9;eor
       1766;20210628;   10;  15.9;   2.0;    3;   0.3;   6;    9.050;   0;   6.2;  19.7; 1007.47;   22.1;   75.38;   27.4;   17.4;   16.5;eor
       1766;20210629;   10;  11.5;   2.8;    3;   3.2;   6;    4.583;   0;   6.5;  19.7; 1004.41;   20.7;   81.42;   24.6;   17.2;   17.3;eor
       1766;20210630;   10;   8.4;   3.5;    3;   0.5;   6;    0.617;   0;   7.3;  16.1; 1004.67;   16.6;   85.13;   21.5;   13.2;   13.2;eor
       1766;20210701;   10;   9.3;   5.0;    3;   1.1;   6;    0.000;   0;   7.7;  15.3; 1007.49;   14.7;   91.04;   16.5;   13.2;   13.2;eor
       1766;20210702;   10;   6.3;   2.6;    3;   0.0;   0;    2.850;   0;   5.6;  14.1; 1010.78;   16.8;   74.63;   22.0;   12.2;    9.0;eor
       1766;20210703;   10;   8.2;   1.5;    3;   2.4;   6;   11.717;   0;   4.0;  14.7; 1009.05;   19.5;   68.08;   25.7;   10.2;    7.4;eor
       1766;20210704;   10;  15.4;   1.9;    3;   8.3;   6;    1.700;   0;   7.0;  18.4; 1004.03;   18.2;   88.21;   23.9;   15.1;   14.5;eor
       1766;20210705;   10;   7.2;   2.4;    3;   3.7;   6;    3.150;   0;   6.3;  15.3; 1002.56;   17.1;   79.58;   21.5;   12.7;   11.4;eor
       1766;20210706;   10;  15.9;   5.0;    3;   0.1;   6;    4.683;   0;   6.4;  15.3; 1000.62;   20.0;   66.58;   24.7;   13.5;    9.5;eor
       1766;20210707;   10;   8.7;   2.5;    3;   0.1;   6;    6.850;   0;   4.4;  14.3; 1009.25;   18.9;   67.67;   24.5;   11.4;    8.4;eor
       1766;20210708;   10;   8.7;   1.7;    3;   3.4;   6;    3.950;   0;   6.8;  15.8; 1013.87;   18.5;   76.83;   25.5;   13.1;   10.6;eor
       1766;20210709;   10;   8.7;   2.6;    3;   0.0;   0;    6.983;   0;   6.0;  15.4; 1014.08;   18.8;   73.21;   24.1;   14.2;   11.3;eor
       1766;20210710;   10;   6.5;   1.9;    3;   9.1;   6;    5.517;   0;   5.1;  15.4; 1010.41;   18.6;   73.58;   24.1;   11.6;    8.9;eor
       1766;20210711;   10;   7.2;   1.8;    3;   0.0;   0;    3.467;   0;   7.1;  18.1; 1009.48;   19.4;   80.75;   24.3;   16.0;   14.8;eor
       1766;20210712;   10;   5.1;   1.2;    3;   0.0;   6;    4.617;   0;   6.6;  18.3; 1005.29;   20.6;   77.13;   25.8;   15.8;   14.1;eor
       1766;20210713;   10;   7.0;   2.2;    3;   2.8;   6;    0.000;   0;   7.0;  21.0; 1003.16;   20.3;   87.88;   22.6;   18.3;   17.9;eor
       1766;20210714;   10;  10.6;   2.9;    3;  23.4;   6;    0.017;   0;   7.5;  21.1; 1002.36;   19.4;   93.38;   22.7;   17.1;   16.4;eor
       1766;20210715;   10;   9.3;   2.2;    3;   0.0;   6;    1.583;   0;   6.8;  19.0; 1007.49;   19.4;   84.75;   23.1;   16.5;   15.9;eor
       1766;20210716;   10;   7.5;   3.0;    3;   3.7;   6;    0.083;   0;   7.0;  16.4; 1015.08;   18.0;   79.75;   20.6;   15.6;   14.2;eor
       1766;20210717;   10;   9.8;   3.9;    3;   0.0;   0;   12.167;   0;   2.8;  16.5; 1017.89;   20.5;   70.25;   26.0;   16.0;   14.2;eor
       1766;20210718;   10;   9.1;   3.2;    3;   0.0;   0;   13.283;   0;   2.0;  16.8; 1016.37;   20.3;   72.38;   27.0;   13.9;   11.5;eor
       1766;20210719;   10;   7.2;   1.6;    3;   0.0;   0;    3.500;   0;   4.6;  14.2; 1015.42;   16.5;   76.88;   20.8;   12.7;   10.2;eor
       1766;20210720;   10;   6.5;   1.6;    3;   0.0;   0;    3.850;   0;   6.0;  12.7; 1015.32;   16.9;   67.79;   21.9;   10.9;    8.2;eor
       1766;20210721;   10;   5.8;   0.9;    3;   0.0;   0;    0.850;   0;   6.8;  15.3; 1017.06;   18.2;   74.88;   23.2;   12.6;   10.0;eor
       1766;20210722;   10;   7.7;   2.3;    3;   0.0;   0;    9.450;   0;   2.9;  15.2; 1015.22;   18.6;   72.42;   23.9;   12.2;    8.7;eor
       1766;20210723;   10;   7.0;   2.3;    3;   0.0;   0;   13.133;   0;   1.3;  13.8; 1011.53;   17.0;   72.50;   22.8;    9.6;    6.2;eor
       1766;20210724;   10;   9.3;   2.7;    3;   7.7;   6;    7.450;   0;   6.6;  17.5; 1003.51;   20.0;   76.29;   27.5;   13.8;   10.4;eor
       1766;20210725;   10;   7.9;   2.5;    3;   0.4;   6;    9.867;   0;   4.6;  18.3; 1002.27;   21.1;   75.17;   27.1;   16.1;   14.4;eor
       1766;20210726;   10;  11.3;   2.7;    3;   5.5;   6;    9.217;   0;   5.2;  17.0; 1003.94;   20.9;   71.00;   26.7;   15.2;   13.3;eor
       1766;20210727;   10;  14.2;   3.3;    3;  19.4;   6;    3.017;   0;   7.0;  17.5; 1005.28;   18.7;   82.63;   25.2;   15.3;   14.5;eor
       1766;20210728;   10;  14.7;   4.6;    3;   0.0;   6;    3.817;   0;   5.9;  15.5; 1003.61;   18.9;   72.96;   24.4;   15.1;   14.2;eor
       1766;20210729;   10;  15.6;   5.9;    3;   0.0;   6;    6.283;   0;   5.5;  12.9; 1004.15;   18.0;   63.04;   21.4;   12.7;    9.7;eor
       1766;20210730;   10;  18.5;   3.3;    3;   2.0;   6;    7.267;   0;   5.5;  14.0; 1001.71;   18.5;   67.54;   25.3;   11.1;    9.2;eor
       1766;20210731;   10;  15.9;   5.9;    3;   2.4;   6;    2.600;   0;   5.3;  14.7; 1000.72;   16.9;   76.50;   20.9;   12.7;   10.3;eor
       1766;20210801;   10;  11.5;   3.2;    3;   4.7;   6;    5.517;   0;   4.7;  14.9; 1003.10;   16.1;   82.79;   21.4;   11.1;    9.1;eor
       1766;20210802;   10;   8.7;   2.7;    3;   1.1;   6;    3.633;   0;   5.1;  12.9; 1007.28;   15.6;   74.67;   21.0;   10.1;    8.8;eor
       1766;20210803;   10;   3.6;   1.1;    3;   0.0;   6;    0.683;   0;   6.3;  13.3; 1007.56;   15.1;   79.08;   19.8;    9.7;    8.3;eor
       1766;20210804;   10;   6.9;   1.8;    3;   0.8;   6;    6.167;   0;   6.4;  15.2; 1007.05;   17.3;   77.88;   22.5;   14.2;   13.3;eor
       1766;20210805;   10;   7.9;   1.6;    3;   0.0;   6;    6.117;   0;   5.7;  15.7; 1002.43;   18.6;   75.50;   24.9;   14.3;   13.6;eor
       1766;20210806;   10;  10.6;   3.5;    3;   1.0;   6;    2.333;   0;   5.6;  16.2;  997.31;   17.9;   79.50;   23.3;   14.3;   13.2;eor
       1766;20210807;   10;  14.6;   2.3;    3;  10.6;   6;    3.683;   0;   6.3;  15.9;  996.81;   17.7;   79.63;   22.5;   13.7;   12.4;eor
       1766;20210808;   10;  14.9;   5.4;    3;   1.3;   6;    4.633;   0;   6.1;  13.8; 1002.19;   16.9;   72.92;   21.4;   14.0;   12.8;eor
       1766;20210809;   10;  12.7;   4.0;    3;   0.1;   6;    4.367;   0;   4.8;  13.9; 1009.14;   17.1;   72.25;   22.3;   12.9;   11.4;eor
       1766;20210810;   10;  11.5;   3.6;    3;   0.1;   6;    5.700;   0;   5.6;  15.1; 1009.96;   17.4;   76.88;   23.1;   13.0;    9.5;eor
       1766;20210811;   10;   6.0;   1.5;    3;   0.0;   0;    9.233;   0;   4.5;  15.1; 1013.19;   17.6;   78.00;   24.5;   11.3;    8.6;eor
       1766;20210812;   10;   7.0;   1.5;    3;   0.0;   0;    8.100;   0;   5.2;  16.0; 1013.40;   19.8;   72.13;   26.5;   12.7;   10.0;eor
       1766;20210813;   10;  11.8;   2.9;    3;   0.0;   0;    5.933;   0;   5.0;  15.8; 1014.45;   19.5;   71.25;   25.9;   13.6;    9.8;eor
       1766;20210814;   10;  11.5;   3.2;    3;   0.0;   0;   11.317;   0;   2.9;  14.3; 1013.67;   18.5;   69.92;   25.1;   11.8;    8.7;eor
       1766;20210815;   10;  11.5;   3.0;    3;   1.6;   6;    6.850;   0;   5.7;  15.4; 1006.87;   19.5;   71.21;   26.8;   12.0;    9.4;eor
       1766;20210816;   10;  15.1;   6.2;    3;   3.4;   6;    1.383;   0;   6.6;  13.8; 1004.12;   15.9;   76.38;   18.2;   12.2;   11.7;eor
       1766;20210817;   10;  13.4;   6.0;    3;   3.7;   6;    2.183;   0;   7.1;  13.5; 1009.15;   14.8;   80.21;   17.8;   12.7;   11.6;eor
       1766;20210818;   10;  11.7;   4.8;    3;   0.0;   6;    0.017;   0;   7.3;  15.2; 1007.83;   17.0;   79.17;   20.2;   14.3;   14.1;eor
       1766;20210819;   10;  10.8;   4.0;    3;   1.0;   6;    0.000;   0;   7.7;  16.5; 1007.10;   16.9;   85.42;   18.6;   14.9;   14.1;eor
       1766;20210820;   10;   7.5;   2.3;    3;   1.0;   6;    5.167;   0;   5.5;  16.5; 1010.15;   17.6;   82.17;   23.2;   12.5;    9.6;eor
       1766;20210821;   10;   5.1;   1.1;    3;   2.0;   6;    2.850;   0;   5.3;  16.4; 1011.54;   18.1;   80.29;   24.2;   11.9;    9.5;eor
       1766;20210822;   10;  10.1;   2.9;    3;   5.5;   6;    2.900;   0;   6.9;  17.5; 1008.85;   18.8;   81.38;   23.3;   16.1;   15.6;eor
       1766;20210823;   10;   9.8;   3.0;    3;   0.0;   0;    6.967;   0;   4.5;  15.3; 1016.80;   17.6;   76.67;   22.2;   12.0;    8.5;eor
       1766;20210824;   10;  10.3;   2.3;    3;   0.0;   0;   12.433;   0;   3.0;  12.1; 1021.46;   15.6;   71.21;   21.5;    9.7;    6.4;eor
       1766;20210825;   10;   9.6;   3.0;    3;   1.1;   6;    9.733;   0;   4.7;  12.9; 1015.26;   15.6;   74.42;   22.8;    7.1;    5.0;eor
       1766;20210826;   10;  12.5;   3.2;    3;   9.4;   6;    2.100;   0;   5.4;  13.9; 1007.84;   15.3;   80.17;   19.9;   11.0;    9.3;eor
       1766;20210827;   10;  10.8;   3.4;    3;   3.5;   6;    2.350;   0;   6.1;  14.5; 1009.70;   14.8;   85.71;   18.6;   11.6;   10.4;eor
       1766;20210828;   10;   9.9;   3.9;    3;   4.2;   6;    0.700;   0;   7.3;  15.4; 1012.27;   15.6;   87.38;   19.2;   13.2;   12.8;eor
       1766;20210829;   10;   8.9;   3.5;    3;   2.5;   6;    0.133;   0;   7.5;  16.4; 1011.71;   15.9;   90.33;   18.6;   14.2;   14.0;eor
       1766;20210830;   10;   8.9;   3.6;    3;   0.0;   0;    2.733;   0;   6.2;  15.9; 1013.54;   17.3;   81.13;   21.9;   13.6;   11.3;eor
       1766;20210831;   10;   8.2;   3.2;    3;   0.0;   6;    7.750;   0;   4.1;  14.7; 1018.02;   16.7;   79.00;   22.3;   13.0;   11.7;eor
       1766;20210901;   10;   4.1;   1.3;    3;   0.0;   0;    1.750;   0;   5.5;  13.6; 1021.77;   14.9;   81.29;   18.3;    9.5;    6.2;eor
       1766;20210902;   10;   5.4;   1.0;    3;   0.0;   0;    9.600;   0;   1.3;  13.5; 1020.67;   14.7;   82.50;   22.1;    7.3;    5.0;eor
       1766;20210903;   10;   5.1;   1.7;    3;   0.0;   0;   12.017;   0;   0.4;  14.2; 1015.22;   16.2;   78.50;   23.3;    9.0;    5.9;eor
       1766;20210904;   10;   6.5;   2.5;    3;   0.0;   0;    9.183;   0;   3.3;  13.3; 1013.43;   15.4;   76.96;   21.0;   10.9;    5.7;eor
       1766;20210905;   10;   6.5;   1.8;    3;   0.0;   0;   12.167;   0;   1.6;  13.1; 1015.46;   15.5;   77.17;   23.1;    7.6;    2.8;eor
       1766;20210906;   10;   4.5;   0.9;    3;   0.0;   0;    9.000;   0;   4.6;  13.2; 1017.83;   15.9;   75.42;   23.3;    6.9;    2.9;eor
       1766;20210907;   10;   4.6;   1.1;    3;   0.0;   0;    7.750;   0;   4.3;  14.1; 1017.49;   17.5;   73.67;   24.5;   10.8;    7.8;eor
       1766;20210908;   10;   6.2;   1.7;    3;   0.0;   0;   12.133;   0;   0.6;  14.5; 1011.17;   19.4;   66.71;   26.7;   10.5;    7.0;eor
       1766;20210909;   10;   7.9;   2.1;    3;   0.0;   6;    9.367;   0;   3.6;  16.8; 1004.81;   21.7;   65.92;   28.6;   15.3;   11.3;eor
       1766;20210910;   10;   9.6;   2.7;    3;   0.1;   6;    4.450;   0;   6.9;  19.6; 1006.75;   20.6;   81.67;   26.4;   16.2;   13.2;eor
       1766;20210911;   10;   9.6;   3.7;    3;   0.0;   6;    1.967;   0;   6.5;  17.4; 1009.88;   18.8;   80.67;   21.7;   16.4;   14.8;eor
       1766;20210912;   10;   9.8;   3.3;    3;   0.0;   6;    8.067;   0;   6.5;  15.4; 1011.38;   18.1;   74.67;   21.8;   12.0;    7.7;eor
       1766;20210913;   10;   6.5;   1.2;    3;   0.0;   0;    2.000;   0;   6.1;  14.0; 1012.56;   14.4;   85.67;   20.6;    8.7;    5.0;eor
       1766;20210914;   10;   7.4;   1.6;    3;   0.4;   6;    8.883;   0;   5.0;  15.5; 1008.60;   17.9;   77.00;   24.9;    8.7;    5.4;eor
       1766;20210915;   10;   8.2;   2.3;    3;  25.2;   6;    0.400;   0;   7.4;  18.8; 1004.80;   18.4;   88.13;   22.0;   15.6;   15.3;eor
       1766;20210916;   10;  11.5;   3.6;    3;   0.7;   6;    2.517;   0;   5.0;  14.1; 1009.34;   15.4;   80.71;   20.7;   11.1;    8.9;eor
       1766;20210917;   10;   3.6;   1.1;    3;   0.0;   0;    0.850;   0;   6.0;  14.7; 1009.89;   14.8;   88.13;   19.8;   10.3;    8.5;eor
       1766;20210918;   10;   6.2;   1.5;    3;   0.0;   0;    8.683;   0;   5.0;  13.4; 1010.98;   15.2;   79.04;   20.3;    9.9;    8.1;eor
       1766;20210919;   10;   7.2;   2.0;    3;   0.0;   0;    0.217;   0;   6.7;  12.5; 1010.87;   14.3;   76.50;   17.1;   12.0;   10.5;eor
       1766;20210920;   10;   7.7;   1.8;    3;   0.0;   0;    0.250;   0;   6.5;  10.0; 1016.10;   12.2;   71.00;   15.4;    8.0;    5.6;eor
       1766;20210921;   10;   7.0;   1.7;    3;   0.0;   0;    2.950;   0;   5.8;  10.1; 1022.97;   11.7;   76.21;   17.6;    5.3;    2.7;eor
       1766;20210922;   10;   6.7;   1.9;    3;   0.0;   0;    6.750;   0;   4.3;  12.0; 1021.22;   12.8;   82.00;   19.7;    6.3;    3.8;eor
       1766;20210923;   10;  14.4;   4.7;    3;   0.9;   6;    4.517;   0;   5.4;  13.2; 1011.27;   14.0;   83.08;   18.9;    7.7;    4.5;eor
       1766;20210924;   10;  10.1;   3.6;    3;   0.0;   6;    0.733;   0;   6.3;  15.7; 1009.18;   16.0;   86.17;   19.1;   12.4;   11.7;eor
       1766;20210925;   10;   6.2;   2.3;    3;   0.0;   0;    5.967;   0;   5.8;  16.1; 1009.67;   17.4;   80.92;   21.7;   15.2;   12.4;eor
       1766;20210926;   10;   8.2;   2.3;    3;   0.0;   6;    5.500;   0;   5.3;  16.6; 1008.87;   18.6;   77.96;   24.3;   13.8;   11.7;eor
       1766;20210927;   10;  12.3;   3.0;    3;   5.8;   6;    1.783;   0;   6.0;  16.3; 1009.30;   17.0;   84.58;   21.6;   11.4;    9.6;eor
       1766;20210928;   10;   6.2;   1.8;    3;   0.0;   0;    7.833;   0;   5.0;  12.4; 1015.52;   12.7;   85.00;   17.5;    8.4;    6.1;eor
       1766;20210929;   10;  14.2;   4.3;    3;   3.8;   6;    1.367;   0;   6.9;  11.4; 1010.48;   10.9;   86.92;   14.1;    9.3;    8.1;eor
       1766;20210930;   10;  12.3;   4.8;    3;   0.0;   0;    6.483;   0;   4.9;   9.6; 1017.02;   11.6;   71.21;   15.5;    8.0;    6.7;eor
       1766;20211001;   10;  12.5;   4.2;    3;   1.9;   6;    2.233;   0;   7.0;  10.4; 1009.80;   13.9;   66.00;   18.7;   10.0;    8.4;eor
       1766;20211002;   10;  12.9;   3.8;    3;   1.2;   6;    0.500;   0;   7.4;  13.7; 1001.97;   14.6;   82.08;   18.5;   12.3;   11.5;eor
       1766;20211003;   10;  14.4;   5.7;    3;   3.0;   6;    0.017;   0;   7.8;  15.1;  995.27;   16.2;   81.21;   19.6;   10.5;    9.1;eor
       1766;20211004;   10;  11.0;   3.4;    3;   0.0;   0;    5.550;   0;   5.0;  11.2; 1009.01;   12.7;   77.13;   17.7;    8.2;    5.6;eor
       1766;20211005;   10;   9.9;   3.3;    3;   1.2;   6;    4.167;   0;   6.3;  11.8; 1001.85;   12.3;   83.21;   18.0;    8.5;    7.0;eor
       1766;20211006;   10;  12.7;   4.2;    3;   6.9;   6;    0.183;   0;   6.8;  12.0; 1007.17;   11.4;   88.63;   12.2;   10.4;    8.9;eor
       1766;20211007;   10;   4.6;   1.2;    3;   0.0;   6;    3.067;   0;   4.8;  11.5; 1021.27;   10.5;   90.92;   15.3;    5.1;    3.0;eor
       1766;20211008;   10;   7.2;   1.3;    3;   0.0;   0;    9.933;   0;   1.2;  10.7; 1024.92;   10.6;   84.21;   18.2;    2.9;    0.9;eor
       1766;20211009;   10;   6.2;   1.9;    3;   0.0;   0;    9.350;   0;   1.6;  10.2; 1023.52;   10.8;   79.83;   16.9;    6.0;    1.9;eor
       1766;20211010;   10;   4.1;   1.1;    3;   0.5;   6;    9.883;   0;   3.6;   9.0; 1020.45;    8.3;   82.83;   16.3;    2.2;   -1.2;eor
       1766;20211011;   10;   8.4;   2.5;    3;   0.3;   6;    3.050;   0;   6.2;  11.3; 1018.43;   10.9;   86.88;   15.2;    7.3;    5.0;eor
       1766;20211012;   10;  11.3;   3.4;    3;   2.6;   6;    2.900;   0;   5.7;  10.3; 1013.12;    9.8;   84.67;   13.9;    5.5;    3.3;eor
       1766;20211013;   10;   8.2;   2.2;    3;   0.3;   6;    1.900;   0;   6.4;  10.1; 1017.51;    9.4;   85.92;   14.1;    4.4;    1.2;eor
       1766;20211014;   10;   9.6;   4.5;    3;   0.7;   6;    0.000;   0;   7.6;  12.4; 1015.53;   12.3;   86.54;   14.1;   10.4;   10.3;eor
       1766;20211015;   10;  12.3;   3.7;    3;   1.7;   6;    3.767;   0;   4.3;  10.1; 1010.80;   10.3;   80.08;   14.0;    3.0;    0.3;eor
       1766;20211016;   10;   4.1;   1.3;    3;   0.0;   0;    0.017;   0;   5.2;   7.9; 1015.62;    5.8;   86.29;   11.8;    0.5;   -1.4;eor
       1766;20211017;   10;   5.7;   1.7;    3;   0.0;   0;    0.000;   0;   7.1;   9.4; 1014.60;    9.0;   81.92;   13.2;    6.5;    4.8;eor
       1766;20211018;   10;   7.2;   2.3;    3;   0.0;   6;    3.183;   0;   7.0;  10.2; 1015.81;   10.8;   78.46;   15.2;    7.5;    6.3;eor
       1766;20211019;   10;  11.0;   3.7;    3;   0.0;   6;    0.000;   0;   6.5;  14.9; 1010.21;   14.5;   88.67;   17.5;   10.9;   10.2;eor
       1766;20211020;   10;  18.5;   6.0;    3;   4.1;   6;    0.717;   0;   6.1;  13.9;  997.46;   16.1;   75.71;   18.1;   14.1;   12.4;eor
       1766;20211021;   10;  20.6;   7.0;    3;   7.4;   6;    0.467;   0;   5.0;  10.4;  992.92;   10.1;   82.67;   15.3;    5.7;    3.9;eor
       1766;20211022;   10;  19.0;   6.3;    3;   4.8;   6;    2.833;   0;   3.7;   8.5; 1008.27;    7.4;   82.29;   10.9;    3.6;    1.3;eor
       1766;20211023;   10;   6.7;   2.0;    3;   0.0;   6;    5.483;   0;   5.4;   8.2; 1020.51;    7.3;   81.96;   12.7;    2.0;    0.3;eor
       1766;20211024;   10;   7.2;   1.9;    3;   0.0;   0;    9.167;   0;   1.4;   7.8; 1017.88;    6.5;   82.17;   13.2;    2.2;   -0.4;eor
       1766;20211025;   10;   7.2;   2.6;    3;   0.1;   6;    3.333;   0;   5.1;   9.5; 1011.96;    9.1;   82.00;   13.9;    1.8;   -1.5;eor
       1766;20211026;   10;  10.3;   4.4;    3;   0.0;   6;    1.700;   0;   7.2;  11.7; 1013.44;   12.5;   80.83;   14.4;   11.0;    9.8;eor
       1766;20211027;   10;   9.1;   3.6;    3;   0.0;   6;    0.883;   0;   5.8;  12.7; 1015.60;   13.2;   84.17;   16.4;    7.8;    4.4;eor
       1766;20211028;   10;   7.7;   2.5;    3;   0.0;   0;    8.817;   0;   1.3;  10.3; 1010.60;   10.9;   80.83;   17.5;    6.1;    2.8;eor
       1766;20211029;   10;  10.1;   3.1;    3;   0.0;   6;    5.967;   0;   4.1;  10.0; 1002.65;   11.0;   76.04;   15.9;    5.9;    4.2;eor
       1766;20211030;   10;   8.6;   2.9;    3;   2.4;   6;    0.000;   0;   7.4;  11.2;  998.07;   11.6;   82.38;   13.5;    9.9;    9.2;eor
       1766;20211031;   10;  17.0;   3.6;    3;   4.8;   6;    2.583;   0;   7.1;  12.9;  996.47;   13.1;   85.92;   17.7;    9.4;    7.1;eor
       1766;20211101;   10;  12.9;   4.2;    3;   0.0;   0;    4.850;   0;   3.8;   9.7;  993.34;   10.4;   76.96;   13.5;    7.0;    3.7;eor
       1766;20211102;   10;   7.7;   2.5;    3;   0.0;   6;    4.567;   0;   5.6;   9.1;  993.80;    8.5;   81.83;   11.2;    4.6;    1.4;eor
       1766;20211103;   10;   4.5;   1.4;    3;   0.5;   6;    0.000;   0;   6.1;   8.7;  995.51;    5.7;   94.04;    8.6;    1.9;   -0.2;eor
       1766;20211104;   10;   7.2;   2.9;    3;   0.6;   6;    0.050;   0;   7.4;   9.1;  999.96;    6.5;   93.38;    7.9;    5.6;    5.2;eor
       1766;20211105;   10;   7.5;   3.1;    3;   0.3;   6;    0.617;   0;   6.9;   9.8; 1014.70;    7.9;   91.63;   10.8;    5.6;    2.7;eor
       1766;20211106;   10;  14.1;   4.9;    3;   1.6;   6;    0.000;   0;   6.9;   9.0; 1018.05;    8.5;   81.38;   10.6;    6.3;    5.0;eor
       1766;20211107;   10;  14.1;   6.1;    3;   4.1;   6;    1.700;   0;   5.8;   9.6; 1008.43;    8.6;   85.96;   11.8;    5.2;    3.9;eor
       1766;20211108;   10;   8.2;   2.8;    3;   0.1;   6;    1.733;   0;   5.9;   9.3; 1015.44;    7.9;   87.17;   11.4;    4.2;    2.3;eor
       1766;20211109;   10;   8.7;   2.0;    3;   0.0;   0;    7.950;   0;   2.7;   8.3; 1020.07;    6.9;   84.79;   12.4;    1.8;   -0.7;eor
       1766;20211110;   10;   4.1;   1.2;    3;   0.0;   0;    4.750;   0;   4.1;   7.2; 1018.52;    3.7;   90.71;    9.8;   -0.4;   -2.5;eor
       1766;20211111;   10;   3.4;   1.5;    3;   0.0;   6;    0.850;   0;   6.9;   8.2; 1018.09;    5.3;   91.21;    8.3;    1.3;   -0.3;eor
       1766;20211112;   10;   8.2;   2.2;    3;   1.1;   6;    3.200;   0;   6.8;   8.8; 1010.86;    7.4;   85.46;    9.6;    6.4;    3.7;eor
       1766;20211113;   10;   8.9;   2.5;    3;   0.5;   6;    0.000;   0;   7.8;  10.0; 1006.26;    8.1;   92.33;    9.2;    7.0;    6.8;eor
       1766;20211114;   10;   8.2;   2.1;    3;   0.0;   6;    0.083;   0;   7.1;   9.6; 1017.03;    8.2;   88.33;   10.0;    6.2;    4.2;eor
       1766;20211115;   10;   6.2;   2.1;    3;   0.0;   6;    0.000;   0;   7.7;   8.0; 1020.39;    6.0;   84.50;    7.5;    5.3;    5.2;eor
       1766;20211116;   10;   6.7;   1.3;    3;   0.2;   6;    0.000;   0;   7.9;   7.9; 1016.53;    4.7;   91.96;    5.3;    4.2;    4.0;eor
       1766;20211117;   10;   7.7;   3.3;    3;   0.5;   6;    0.317;   0;   7.1;   8.8; 1014.61;    6.3;   91.96;    8.7;    4.2;    3.1;eor
       1766;20211118;   10;  11.5;   4.8;    3;   0.0;   6;    2.733;   0;   7.3;   9.4; 1020.08;    8.4;   85.08;   10.6;    6.2;    4.5;eor
       1766;20211119;   10;   9.3;   4.5;    3;   0.1;   6;    0.000;   0;   7.5;  11.8; 1021.33;   11.1;   89.04;   12.4;   10.0;    9.7;eor
       1766;20211120;   10;  10.6;   4.5;    3;   0.4;   6;    0.000;   0;   7.3;  10.3; 1016.35;    9.9;   84.79;   11.1;    7.7;    7.4;eor
       1766;20211121;   10;   7.5;   3.0;    3;   0.8;   6;    1.933;   0;   5.3;   9.0; 1006.39;    6.8;   90.08;   10.0;    1.8;   -1.2;eor
       1766;20211122;   10;   8.1;   1.9;    3;   1.3;   6;    7.383;   0;   1.9;   6.6; 1019.51;    2.9;   87.79;    6.8;   -1.8;   -3.7;eor
       1766;20211123;   10;   5.1;   1.4;    3;   0.8;   6;    0.000;   0;   7.5;   8.1; 1022.81;    4.1;   97.25;    7.2;   -2.4;   -3.6;eor
       1766;20211124;   10;   3.1;   1.1;    3;   0.0;   0;    0.183;   0;   7.2;   8.9; 1015.77;    6.0;   94.58;    7.2;    4.8;    4.4;eor
       1766;20211125;   10;   7.2;   2.6;    3;   0.5;   6;    0.100;   0;   7.3;   7.3; 1004.32;    3.8;   90.96;    4.9;    0.6;   -2.1;eor
       1766;20211126;   10;  12.9;   4.5;    3;   0.9;   6;    0.083;   0;   7.4;   7.0;  988.70;    4.0;   85.21;    5.1;    2.8;    2.3;eor
       1766;20211127;   10;   7.7;   2.9;    3;   0.4;   6;    0.167;   0;   7.3;   6.6;  982.80;    3.0;   86.29;    4.7;   -0.6;   -2.4;eor
       1766;20211128;   10;   5.7;   1.8;    3;   0.1;   8;    0.000;   0;   6.7;   6.1;  991.03;    1.0;   92.21;    3.8;   -2.0;   -3.7;eor
       1766;20211129;   10;   8.1;   2.3;    3;   1.1;   8;    0.750;   0;   6.3;   6.2;  999.90;    1.9;   88.71;    4.3;   -0.6;   -2.3;eor
       1766;20211130;   10;  14.7;   5.7;    3;   7.0;   6;    0.000;   0;   7.7;   8.7;  998.28;    6.1;   91.46;    8.8;    2.5;    2.1;eor
       1766;20211201;   10;  18.0;   8.2;    3;   2.8;   6;    0.017;   0;   7.0;   9.2;  986.20;    7.7;   86.42;    9.6;    4.0;    2.7;eor
       1766;20211202;   10;   8.7;   3.4;    3;   0.2;   6;    0.000;   0;   5.6;   6.4;  995.38;    1.9;   90.54;    4.5;   -2.2;   -4.5;eor
       1766;20211203;   10;  13.4;   5.0;    3;   0.3;   6;    0.000;   0;   7.0;   6.3; 1000.35;    1.9;   89.63;    4.4;   -2.7;   -5.1;eor
       1766;20211204;   10;   8.4;   2.6;    3;   5.8;   6;    0.000;   0;   7.9;   7.5;  990.77;    4.0;   93.04;    5.3;    3.1;    3.0;eor
       1766;20211205;   10;   7.2;   2.4;    3;   0.0;   6;    0.033;   0;   7.1;   7.0;  997.05;    4.3;   84.58;    5.7;    2.7;    1.6;eor
       1766;20211206;   10;   6.2;   2.2;    3;   1.6;   6;    1.283;   0;   7.1;   6.6; 1005.63;    2.7;   89.04;    4.0;    0.4;   -1.3;eor
       1766;20211207;   10;  10.6;   3.3;    3;   2.0;   6;    1.633;   0;   7.0;   6.5;  999.45;    2.9;   86.33;    4.8;    0.8;   -0.8;eor
       1766;20211208;   10;   9.9;   3.5;    3;   0.0;   0;    1.833;   0;   7.1;   6.9;  991.84;    4.1;   84.25;    6.8;    0.4;   -2.1;eor
       1766;20211209;   10;   8.7;   2.7;    3;   1.2;   6;    2.383;   0;   6.4;   6.7;  997.03;    3.1;   86.96;    4.6;    0.5;   -2.4;eor
       1766;20211210;   10;   7.7;   2.1;    3;   0.0;   0;    5.133;   0;   5.3;   5.9;  990.57;    1.8;   84.58;    5.5;   -4.2;   -5.4;eor
       1766;20211211;   10;   4.6;   1.4;    3;   0.9;   6;    1.017;   0;   6.3;   5.5; 1008.20;   -1.2;   97.75;    3.2;   -4.8;   -5.9;eor
       1766;20211212;   10;   8.7;   3.7;    3;   4.3;   6;    0.000;   0;   7.9;   9.1; 1015.17;    6.1;   95.29;    9.6;    2.6;    1.4;eor
       1766;20211213;   10;   6.9;   3.0;    3;   0.0;   6;    0.000;   0;   7.9;  10.5; 1020.01;    9.1;   90.46;    9.8;    8.0;    7.3;eor
       1766;20211214;   10;   6.7;   3.2;    3;   1.0;   6;    0.000;   0;   7.7;   9.7; 1020.55;    8.1;   89.79;    8.8;    7.3;    6.9;eor
       1766;20211215;   10;   7.5;   3.4;    3;   0.0;   6;    0.000;   0;   7.5;  10.6; 1023.87;    9.0;   92.75;    9.7;    7.7;    6.7;eor
       1766;20211216;   10;   6.2;   2.0;    3;   0.2;   6;    0.000;   0;   7.4;  10.4; 1030.23;    8.4;   94.67;    9.5;    6.3;    4.1;eor
       1766;20211217;   10;   4.8;   1.5;    3;   0.3;   6;    0.017;   0;   7.8;  10.0; 1033.50;    7.8;   93.96;    8.8;    7.2;    7.1;eor
       1766;20211218;   10;   7.5;   2.1;    3;   0.3;   6;    0.000;   0;   7.8;   9.4; 1031.77;    6.6;   96.29;    7.6;    5.4;    5.6;eor
       1766;20211219;   10;   7.2;   3.4;    3;   0.3;   6;    0.000;   0;   7.8;   8.8; 1023.40;    6.3;   91.88;    7.1;    5.3;    2.0;eor
       1766;20211220;   10;   3.1;   0.8;    3;   0.0;   0;    0.000;   0;   2.1;   5.8; 1021.80;   -0.3;   96.13;    5.2;   -3.2;   -4.1;eor
       1766;20211221;   10;   2.6;   1.1;    3;   0.0;   7;    0.000;   0;   7.9;   4.5; 1021.03;   -3.7;   97.13;   -2.6;   -4.4;   -3.8;eor
       1766;20211222;   10;   3.4;   1.1;    3;   0.0;   0;    2.283;   0;   7.4;   4.6; 1018.14;   -3.3;   95.83;   -1.5;   -5.3;   -4.7;eor
       1766;20211223;   10;  10.8;   2.5;    3;   6.1;   8;    0.000;   0;   7.7;   5.9; 1003.59;    0.3;   93.50;    6.1;   -2.8;   -2.9;eor
       1766;20211224;   10;  12.7;   5.5;    3;   4.3;   8;    0.000;   0;   7.9;   9.2;  996.71;    6.5;   94.00;    9.3;    1.1;    0.8;eor
       1766;20211225;   10;  10.1;   3.2;    3;   0.0;   0;    6.150;   0;   3.3;   3.5; 1004.14;   -2.2;   65.63;    1.1;   -5.3;   -6.9;eor
       1766;20211226;   10;   7.4;   2.3;    3;   0.0;   8;    0.000;   0;   4.5;   3.7; 1001.66;   -1.9;   65.50;    1.1;   -4.9;   -6.5;eor
       1766;20211227;   10;   6.5;   2.2;    3;   1.2;   6;    0.383;   0;   7.3;   7.0;  994.46;    3.4;   88.96;    5.9;    1.1;    1.0;eor
       1766;20211228;   10;  15.8;   3.1;    3;   4.6;   6;    0.250;   0;   6.8;   9.2;  987.47;    6.7;   92.96;    9.6;    4.5;    2.9;eor
       1766;20211229;   10;  10.6;   4.0;    3;   4.8;   6;    0.000;   0;   7.9;  10.7;  998.08;    8.6;   95.33;   12.0;    7.0;    6.7;eor
       1766;20211230;   10;  14.1;   6.2;    3;   1.8;   6;    0.000;   0;   7.4;  13.3; 1006.82;   12.8;   89.67;   14.5;   10.1;    8.6;eor
       1766;20211231;   10;  14.7;   7.1;    3;   0.0;   6;    0.250;   0;   7.3;  12.3; 1011.11;   13.4;   79.96;   14.4;   12.6;   12.1;eor
       1766;20220101;   10;   8.2;   3.7;    3;   1.3;   6;    0.100;   0;   7.2;  12.0; 1015.78;   12.5;   82.63;   14.4;    9.4;    7.1;eor
       1766;20220102;   10;  18.5;   5.2;    3;   2.4;   6;    0.250;   0;   7.2;  11.2; 1005.84;   11.7;   81.42;   13.6;    9.7;    8.0;eor
       1766;20220103;   10;  15.9;   7.2;    3;   0.0;   6;    1.150;   0;   6.8;   9.4; 1001.57;    9.9;   77.00;   11.1;    8.5;    7.3;eor
       1766;20220104;   10;  11.3;   4.0;    3;   0.2;   6;    0.000;   0;   7.4;   8.6;  991.02;    6.8;   86.33;    8.8;    3.4;    1.6;eor
       1766;20220105;   10;  15.3;   6.4;    3;   4.1;   8;    0.333;   0;   5.7;   6.7;  996.55;    3.9;   82.33;    6.4;    2.0;    0.8;eor
       1766;20220106;   10;  12.3;   3.1;    3;   0.4;   6;    5.167;   0;   3.7;   6.2; 1010.44;    2.6;   84.58;    5.9;   -1.4;   -3.4;eor
       1766;20220107;   10;  11.7;   4.6;    3;   2.3;   8;    0.017;   0;   7.4;   6.4; 1004.51;    2.7;   86.63;    5.2;    1.1;    0.1;eor
       1766;20220108;   10;  11.1;   3.7;    3;  10.6;   6;    1.117;   0;   5.1;   6.2;  998.50;    1.6;   90.29;    3.9;   -1.9;   -3.7;eor
       1766;20220109;   10;  11.8;   4.7;    3;   0.1;   6;    0.033;   0;   6.9;   7.3;  991.67;    4.3;   87.92;    6.0;    1.9;   -0.4;eor
       1766;20220110;   10;   2.9;   0.9;    3;   0.0;   0;    4.683;   0;   5.0;   6.3; 1015.00;    1.1;   94.75;    6.0;   -1.9;   -3.2;eor
       1766;20220111;   10;   5.1;   1.4;    3;   0.2;   6;    5.800;   0;   5.8;   5.5; 1026.89;   -0.2;   91.13;    5.1;   -3.2;   -4.5;eor
       1766;20220112;   10;   5.7;   2.4;    3;   0.2;   6;    0.000;   0;   7.3;   6.6; 1032.00;    2.7;   88.88;    5.2;    1.6;    0.1;eor
       1766;20220113;   10;   7.2;   3.6;    3;   0.0;   6;    0.000;   0;   7.7;   7.0; 1032.88;    2.2;   96.83;    2.8;    1.7;    1.9;eor
       1766;20220114;   10;   6.7;   2.8;    3;   0.4;   6;    0.000;   0;   8.0;   7.5; 1028.51;    3.2;   97.83;    4.5;    1.8;    1.9;eor
       1766;20220115;   10;   5.7;   1.8;    3;   0.0;   0;    0.000;   0;   8.0;   7.7; 1022.20;    3.8;   95.79;    4.9;    1.6;    1.9;eor
       1766;20220116;   10;   9.9;   4.8;    3;   0.6;   6;    0.000;   0;   7.7;   7.4; 1017.12;    3.9;   91.46;    6.1;    1.6;    1.9;eor
       1766;20220117;   10;  11.3;   5.2;    3;   0.3;   6;    0.117;   0;   6.7;   8.1; 1024.54;    6.4;   84.58;    8.9;    4.6;    3.2;eor
       1766;20220118;   10;   6.2;   1.8;    3;   0.0;   0;    0.000;   0;   7.2;   8.4; 1030.66;    5.8;   91.13;    7.1;    3.7;    2.2;eor
       1766;20220119;   10;  10.6;   3.9;    3;   1.6;   6;    0.000;   0;   6.1;   7.1; 1017.58;    3.3;   91.42;    5.7;   -0.2;   -2.9;eor
       1766;20220120;   10;  15.3;   5.3;    3;   0.2;   8;    1.750;   0;   5.6;   6.0; 1018.55;    2.7;   80.79;    4.6;    0.3;   -1.3;eor
       1766;20220121;   10;   9.1;   4.2;    3;   2.7;   8;    1.017;   0;   7.3;   7.1; 1024.64;    3.1;   91.58;    5.3;   -0.1;   -1.4;eor
       1766;20220122;   10;   9.3;   3.9;    3;   1.7;   6;    0.000;   0;   7.6;   8.7; 1025.73;    5.7;   94.75;    7.0;    4.9;    4.3;eor
       1766;20220123;   10;   3.6;   1.3;    3;   0.0;   0;    0.000;   0;   7.1;   7.9; 1029.02;    5.2;   89.17;    6.8;    3.4;    2.4;eor
       1766;20220124;   10;   3.6;   1.0;    3;   0.0;   0;    0.000;   0;   7.6;   7.2; 1028.23;    4.9;   82.67;    5.8;    4.0;    3.6;eor
       1766;20220125;   10;   4.1;   1.2;    3;   0.0;   0;    0.000;   0;   8.0;   6.2; 1027.29;    3.1;   80.88;    4.1;    2.2;    2.1;eor
       1766;20220126;   10;  11.1;   4.0;    3;   0.0;   6;    0.000;   0;   8.0;   6.3; 1024.02;    2.5;   86.08;    3.3;    1.4;    1.3;eor
       1766;20220127;   10;  15.1;   7.0;    3;   1.6;   6;    0.000;   0;   6.8;   7.7; 1015.69;    5.4;   85.33;    7.8;    3.3;    2.7;eor
       1766;20220128;   10;  13.2;   4.9;    3;   0.2;   6;    1.833;   0;   6.1;   6.6; 1024.20;    5.2;   74.88;    7.1;    3.8;    1.9;eor
       1766;20220129;   10;  20.9;   8.4;    3;   0.3;   6;    0.000;   0;   7.5;   8.9; 1015.03;    7.8;   83.79;   11.5;    5.6;    4.3;eor
       1766;20220130;   10;  15.9;   5.8;    3;   4.0;   8;    2.900;   0;   5.0;   5.9; 1018.23;    5.1;   67.42;    7.4;    1.8;   -1.1;eor
       1766;20220131;   10;  13.0;   5.1;    3;   6.6;   6;    0.200;   0;   7.3;   7.3; 1002.57;    4.4;   86.38;    7.1;    1.7;    1.1;eor
       1766;20220201;    3;  24.4;   6.5;    3;   4.4;   6;    0.000;   0;   7.3;   7.7; 1006.20;    5.3;   85.54;    8.6;    1.9;    0.4;eor
       1766;20220202;    3;  21.1;   5.0;    3;   0.5;   6;    4.083;   0;   6.5;   7.0; 1010.55;    5.9;   76.33;    9.4;    0.6;   -1.0;eor
       1766;20220203;    3;  11.7;   4.6;    3;   0.9;   6;    0.000;   0;   7.9;   9.1; 1008.80;    7.2;   89.13;    8.4;    5.2;    4.8;eor
       1766;20220204;    3;  19.7;   6.1;    3;   5.6;   6;    0.100;   0;   7.0;   8.1; 1002.37;    6.3;   84.71;    8.2;    3.0;    2.4;eor
       1766;20220205;    3;  16.6;   7.4;    3;   7.4;   6;    3.233;   0;   5.8;   6.6; 1009.53;    5.2;   75.21;    7.2;    3.1;    2.0;eor
       1766;20220206;    3;  21.6;   8.4;    3;  12.9;   8;    0.000;   0;   7.5;   8.3;  995.27;    6.2;   87.25;    8.1;    2.6;    1.0;eor
       1766;20220207;    3;  15.3;   6.1;    3;   0.5;   6;    3.800;   0;   5.5;   6.5; 1012.20;    5.2;   73.83;    8.2;    2.8;    0.7;eor
       1766;20220208;    3;  12.3;   6.2;    3;   0.1;   6;    0.000;   0;   7.3;   9.4; 1018.65;    8.3;   85.38;   10.3;    5.4;    4.7;eor
       1766;20220209;    3;  10.8;   4.8;    3;   1.0;   6;    0.000;   0;   7.2;   9.5; 1017.76;    8.7;   84.38;    9.8;    7.8;    7.4;eor
       1766;20220210;    3;   8.7;   3.0;    3;   3.7;   6;    0.117;   0;   7.1;   8.4; 1013.10;    6.8;   84.04;    8.6;    3.9;    2.8;eor
       1766;20220211;    3;  18.0;   5.1;    3;   0.6;   6;    0.233;   0;   5.3;   6.3; 1020.00;    3.4;   80.63;    5.7;   -2.5;   -4.6;eor
       1766;20220212;    3;  10.1;   2.7;    3;   0.0;   0;    7.683;   0;   3.7;   4.7; 1021.53;    1.4;   72.08;    6.6;   -3.4;   -5.4;eor
       1766;20220213;    3;  10.3;   3.9;    3;   0.0;   0;    7.100;   0;   5.5;   5.4; 1005.78;    4.6;   64.00;    9.6;   -1.4;   -4.6;eor
       1766;20220214;    3;  16.1;   5.9;    3;   0.3;   6;    1.517;   0;   6.9;   7.9;  995.30;    9.3;   67.42;   11.5;    6.6;    4.2;eor
       1766;20220215;    3;  15.4;   5.7;    3;   6.0;   6;    2.017;   0;   7.3;   7.6; 1001.50;    7.1;   75.13;    8.6;    5.7;    5.0;eor
       1766;20220216;    3;  24.7;   7.9;    3;  12.4;   8;    0.000;   0;   8.0;  11.3;  989.12;   10.0;   91.21;   12.7;    7.2;    6.8;eor
       1766;20220217;    3;  29.7;  11.5;    3;   3.0;   8;    2.200;   0;   5.9;   7.2;  994.51;    8.6;   64.42;   12.2;    5.1;    3.3;eor
       1766;20220218;    3;  34.0;   9.2;    3;   5.9;   6;    0.233;   0;   6.9;   8.2;  992.65;    7.8;   76.79;   12.5;    5.1;    3.7;eor
       1766;20220219;    3;  26.1;  10.5;    3;   5.5;   6;    2.033;   0;   6.9;   6.0; 1001.41;    5.8;   65.46;    7.8;    3.4;    3.0;eor
       1766;20220220;    3;  25.0;   8.6;    3;  14.1;   6;    0.000;   0;   8.0;   9.2;  995.96;    7.7;   86.00;   10.6;    3.9;    3.4;eor
       1766;20220221;    3;  20.2;   9.6;    3;   5.2;   8;    0.050;   0;   6.9;   7.1;  992.05;    5.3;   79.29;    7.1;    3.0;    1.9;eor
       1766;20220222;    3;  15.4;   5.9;    3;   5.3;   6;    1.167;   0;   5.6;   7.9; 1008.68;    5.9;   83.83;    9.0;    2.6;    1.0;eor
       1766;20220223;    3;  11.7;   4.4;    3;   0.0;   0;    9.417;   0;   2.2;   6.9; 1015.71;    6.9;   71.04;   11.0;    2.7;    0.1;eor
       1766;20220224;    3;  23.0;   6.1;    3;   1.3;   6;    2.433;   0;   6.9;   7.0; 1004.20;    7.1;   69.88;   11.0;    2.5;    1.2;eor
       1766;20220225;    3;  15.3;   5.9;    3;   1.6;   8;    3.600;   0;   4.3;   6.4; 1013.90;    3.8;   79.79;    7.8;    1.5;   -1.5;eor
       1766;20220226;    3;   4.6;   1.4;    3;   0.0;   0;    9.533;   0;   1.3;   5.7; 1027.66;    2.5;   80.13;    8.5;   -2.6;   -4.4;eor
       1766;20220227;    3;  10.6;   2.8;    3;   0.0;   0;    9.817;   0;   0.0;   5.2; 1026.90;    3.8;   67.54;    9.1;   -1.9;   -4.5;eor
       1766;20220228;    3;   7.7;   2.5;    3;   0.0;   0;    9.917;   0;   0.3;   5.0; 1025.03;    4.8;   60.21;   10.5;   -0.3;   -3.9;eor
       1766;20220301;    3;   5.5;   2.0;    3;   0.0;   0;    2.850;   0;   5.8;   5.1; 1022.43;    4.7;   60.38;    9.1;    0.4;   -1.2;eor
       1766;20220302;    3;   7.4;   1.6;    3;   0.0;   0;    9.633;   0;   3.0;   4.6; 1018.13;    5.0;   55.79;   11.0;   -0.8;   -4.4;eor
       1766;20220303;    3;   8.2;   1.9;    3;   0.0;   0;   10.117;   0;   0.5;   4.6; 1014.18;    3.5;   62.38;   10.5;   -4.0;   -6.4;eor
       1766;20220304;    3;   8.1;   2.2;    3;   0.0;   0;   10.100;   0;   0.0;   5.0; 1016.13;    1.7;   73.54;    7.8;   -2.4;   -5.6;eor
       1766;20220305;    3;   6.7;   2.1;    3;   0.0;   0;   10.117;   0;   0.3;   4.6; 1016.04;    2.5;   64.79;    8.3;   -1.6;   -6.3;eor
       1766;20220306;    3;   8.9;   3.0;    3;   0.0;   0;    8.083;   0;   2.8;   4.5; 1019.84;    0.7;   70.17;    5.3;   -3.5;   -7.6;eor
       1766;20220307;    3;   7.2;   1.7;    3;   0.0;   0;    9.850;   0;   2.1;   5.0; 1020.77;    2.2;   70.58;    7.7;   -4.0;   -8.1;eor
       1766;20220308;    3;  10.6;   2.6;    3;   0.0;   0;   10.467;   0;   0.3;   4.4; 1017.25;    4.9;   53.96;   10.8;   -1.0;   -5.8;eor
       1766;20220309;    3;   7.2;   2.4;    3;   0.0;   0;   10.533;   0;   0.4;   4.1; 1017.41;    5.9;   47.04;   13.3;   -0.1;   -5.7;eor
       1766;20220310;    3;   8.7;   2.6;    3;   0.0;   0;   10.583;   0;   1.8;   4.7; 1017.96;    8.1;   46.38;   16.0;   -1.2;   -6.0;eor
       1766;20220311;    3;  12.2;   4.1;    3;   0.0;   0;   10.517;   0;   1.3;   4.4; 1011.91;    8.0;   42.83;   13.1;    3.3;    1.1;eor
       1766;20220312;    3;   8.6;   2.8;    3;   0.0;   0;    6.833;   0;   6.5;   5.7; 1011.42;    9.3;   46.50;   14.9;    4.2;    2.4;eor
       1766;20220313;    3;   6.9;   2.6;    3;   4.1;   6;   10.500;   0;   5.6;   5.1; 1009.61;   10.2;   41.75;   16.6;    4.3;    0.4;eor
       1766;20220314;    3;  11.0;   3.1;    3;   6.4;   6;    3.067;   0;   6.0;   8.4; 1017.77;    8.3;   76.79;   13.2;    2.0;   -0.3;eor
       1766;20220315;    3;   4.5;   1.1;    3;   0.0;   0;    0.683;   0;   5.3;   7.8; 1019.43;    6.5;   81.92;   12.1;    1.1;   -2.0;eor
       1766;20220316;    3;  11.8;   2.8;    3;   0.0;   6;    7.267;   0;   5.7;   7.6; 1018.07;    8.1;   72.46;   14.7;   -0.9;   -2.8;eor
       1766;20220317;    3;  14.6;   3.3;    3;   0.8;   6;    0.333;   0;   6.7;   7.8; 1022.22;    8.1;   71.79;   10.2;    0.9;   -2.7;eor
       1766;20220318;    3;   8.4;   1.9;    3;   0.0;   0;   11.000;   0;   1.3;   6.8; 1036.50;    6.4;   72.33;   13.9;   -2.2;   -4.9;eor
       1766;20220319;    3;  11.8;   3.4;    3;   0.0;   0;    9.967;   0;   0.7;   6.2; 1035.45;    7.6;   61.79;   11.7;    2.1;   -2.3;eor
       1766;20220320;    3;  13.2;   3.6;    3;   0.0;   6;    6.333;   0;   4.7;   6.2; 1024.07;    7.8;   58.46;   14.0;    2.6;    0.9;eor
       1766;20220321;    3;   5.5;   1.5;    3;   0.0;   0;   10.333;   0;   1.8;   7.6; 1024.81;   10.3;   63.25;   17.6;    2.0;   -1.1;eor
       1766;20220322;    3;   6.5;   1.6;    3;   0.0;   0;   10.867;   0;   2.3;   6.4; 1025.44;   11.4;   49.54;   19.1;    3.4;   -1.4;eor
       1766;20220323;    3;   4.5;   1.0;    3;   0.0;   0;   11.283;   0;   0.0;   5.6; 1024.13;    9.5;   53.50;   19.0;   -0.5;   -4.3;eor
       1766;20220324;    3;   6.2;   1.0;    3;   0.0;   0;   10.850;   0;   0.0;   5.7; 1022.67;    9.0;   54.54;   18.4;    0.1;   -3.4;eor
       1766;20220325;    3;   8.7;   1.6;    3;   0.0;   0;    9.983;   0;   1.4;   6.7; 1023.90;    8.9;   61.88;   17.1;    0.2;   -3.2;eor
       1766;20220326;    3;   9.1;   2.4;    3;   0.0;   0;   10.133;   0;   2.7;   8.3; 1025.26;   10.1;   68.88;   18.3;    1.3;   -2.4;eor
       1766;20220327;    3;   7.5;   2.0;    3;   0.0;   0;   11.417;   0;   2.2;   8.2; 1024.45;    9.1;   73.33;   15.2;    3.8;    0.0;eor
       1766;20220328;    3;   6.3;   2.2;    3;   0.0;   0;   11.133;   0;   1.9;   8.1; 1015.86;    7.3;   80.46;   14.2;    1.2;   -1.3;eor
       1766;20220329;    3;   6.7;   2.2;    3;   0.0;   0;    6.967;   0;   4.4;   7.5; 1006.45;    7.2;   75.33;   12.7;    1.4;   -3.0;eor
       1766;20220330;    3;   7.7;   2.4;    3;   0.4;   6;    4.133;   0;   6.0;   6.6;  998.78;    4.5;   79.04;    9.4;   -0.6;   -3.7;eor
       1766;20220331;    3;  12.3;   3.1;    3;   3.6;   8;    0.000;   0;   7.6;   6.6;  994.72;    3.6;   83.58;    7.2;    0.1;   -1.2;eor
       1766;20220401;    3;  13.5;   6.5;    3;   0.6;   8;    0.000;   1;   7.8;   5.5; 1002.40;    0.8;   84.79;    2.6;   -0.5;   -0.5;eor
       1766;20220402;    3;  13.7;   5.4;    3;   0.0;   0;    2.883;   0;   6.7;   4.4; 1011.25;    2.9;   58.83;    6.9;   -0.3;   -4.5;eor
       1766;20220403;    3;  10.5;   2.8;    3;   1.1;   8;    3.067;   0;   5.8;   5.4; 1014.80;    2.1;   76.08;    8.9;   -3.6;   -7.2;eor
       1766;20220404;    3;  20.2;   7.3;    3;  14.3;   6;    0.000;   0;   7.7;   7.3; 1001.77;    4.6;   83.83;    7.2;    1.6;    0.7;eor
       1766;20220405;    3;  14.2;   4.7;    3;   4.0;   6;    0.367;   0;   7.3;  10.3;  997.65;    8.8;   90.75;   13.1;    6.2;    5.7;eor
       1766;20220406;    3;  15.8;   7.3;    3;   1.5;   6;    0.000;   0;   7.5;   9.4;  993.01;    9.8;   77.88;   11.0;    9.1;    7.7;eor
       1766;20220407;    3;  30.5;  10.5;    3;  18.4;   6;    3.183;   0;   7.0;   8.5;  979.76;    8.8;   75.25;   11.8;    4.3;    4.6;eor
       1766;20220408;    3;  15.8;   6.0;    3;   0.0;   6;    4.267;   0;   7.0;   6.7;  990.71;    6.3;   70.71;    9.0;    3.6;    1.6;eor
       1766;20220409;    3;  18.3;   6.0;    3;   5.0;   8;    5.800;   0;   4.8;   6.9; 1002.91;    4.5;   81.67;    9.4;    1.9;    0.3;eor
       1766;20220410;    3;  11.1;   3.2;    3;   0.6;   6;    7.817;   0;   3.9;   6.6; 1012.92;    4.6;   79.17;   10.0;   -0.1;   -2.3;eor
       1766;20220411;    3;   8.7;   1.8;    3;   0.0;   0;    9.717;   0;   6.5;   6.1; 1011.35;    7.8;   62.04;   14.5;   -0.6;   -2.6;eor
       1766;20220412;    3;   9.9;   3.1;    3;   0.0;   0;    8.917;   0;   7.0;   8.2; 1005.44;   14.6;   49.54;   21.4;    7.7;    5.0;eor
       1766;20220413;    3;   9.1;   2.3;    3;   2.1;   6;    6.550;   0;   6.9;  11.7; 1009.70;   15.2;   68.42;   21.3;    8.6;    5.4;eor
       1766;20220414;    3;   8.2;   2.8;    3;   0.0;   6;    4.450;   0;   5.2;  11.9; 1014.79;   13.5;   78.33;   18.5;    7.6;    3.5;eor
       1766;20220415;    3;   6.0;   2.2;    3;   0.0;   6;    0.000;   0;   5.6;   8.8; 1021.52;    7.7;   84.21;   10.3;    3.9;    0.1;eor
       1766;20220416;    3;   9.8;   2.5;    3;   0.0;   0;   12.417;   0;   1.4;   6.6; 1026.59;    9.1;   60.46;   14.2;    3.4;   -0.8;eor
       1766;20220417;    3;   8.2;   2.3;    3;   0.0;   0;   13.117;   0;   0.9;   5.4; 1021.29;   10.7;   44.79;   17.1;    0.8;   -3.0;eor
       1766;20220418;    3;   6.2;   1.7;    3;   0.0;   0;   13.100;   0;   0.8;   6.1; 1012.83;   12.0;   45.08;   18.8;    4.6;   -0.4;eor
       1766;20220419;    3;  10.3;   2.8;    3;   0.0;   0;   13.083;   0;   1.8;   6.7; 1009.38;   10.6;   55.25;   16.3;    2.1;   -1.2;eor
       1766;20220420;    3;  12.3;   2.9;    3;   0.0;   0;   13.233;   0;   1.7;   6.9; 1010.50;   10.8;   54.21;   16.2;    2.8;   -1.5;eor
       1766;20220421;    3;  10.6;   3.3;    3;   0.0;   0;    7.867;   0;   6.2;   8.3; 1007.19;   11.0;   63.00;   15.8;    5.0;    1.6;eor
       1766;20220422;    3;  12.0;   3.8;    3;   0.0;   0;    5.117;   0;   4.9;   9.5; 1002.21;   12.1;   68.58;   16.2;    8.0;    6.6;eor
       1766;20220423;    3;  13.2;   3.8;    3;   0.0;   0;   12.083;   0;   3.2;   8.3; 1000.05;   13.4;   55.42;   17.4;    9.8;    6.8;eor
       1766;20220424;    3;  12.5;   5.3;    3;   1.4;   6;   10.233;   0;   3.0;   8.1;  998.98;   11.4;   60.96;   16.6;    7.1;    5.9;eor
       1766;20220425;    3;   6.7;   2.8;    3;   0.8;   6;    0.000;   0;   7.7;   9.6; 1005.72;    8.3;   88.13;   10.8;    5.5;    2.9;eor
       1766;20220426;    3;   9.8;   3.6;    3;   0.0;   0;   10.367;   0;   3.2;   8.8; 1011.44;    9.8;   73.50;   15.5;    3.8;    0.0;eor
       1766;20220427;    3;   7.7;   2.1;    3;   0.0;   0;   13.433;   0;   1.3;   7.1; 1019.52;    8.8;   66.13;   16.0;    1.0;   -2.7;eor
       1766;20220428;    3;   8.2;   2.1;    3;   0.0;   0;   12.833;   0;   2.5;   7.6; 1023.59;    9.0;   68.63;   16.2;    0.5;   -3.5;eor
       1766;20220429;    3;   9.6;   3.4;    3;   0.0;   6;    2.450;   0;   7.2;   8.2; 1022.50;    9.0;   72.04;   14.1;    3.5;   -0.4;eor
       1766;20220430;    3;   8.6;   2.8;    3;   0.0;   0;    5.750;   0;   6.5;   7.5; 1019.72;    9.6;   64.50;   14.8;    3.8;    0.0;eor
       1766;20220501;    3;   4.6;   1.8;    3;   0.0;   0;    0.317;   0;   7.2;   7.9; 1017.13;   10.6;   62.79;   14.2;    5.6;    2.4;eor
       1766;20220502;    3;   9.3;   2.2;    3;   0.0;   0;   10.883;   0;   1.8;   8.3; 1013.14;   12.1;   61.71;   19.1;    2.7;   -1.7;eor
       1766;20220503;    3;   6.9;   2.5;    3;   0.0;   0;    8.233;   0;   4.0;   8.2; 1012.47;   10.9;   63.67;   17.0;    2.6;   -1.7;eor
       1766;20220504;    3;   7.5;   2.0;    3;   0.0;   0;   10.933;   0;   4.4;   7.9; 1012.34;   10.7;   64.46;   17.8;    3.0;   -1.2;eor
       1766;20220505;    3;   5.5;   1.0;    3;   0.0;   0;    7.900;   0;   6.2;   8.4; 1015.70;   12.9;   59.67;   19.3;    6.7;    1.7;eor
       1766;20220506;    3;   8.7;   1.7;    3;   0.0;   0;   11.417;   0;   2.7;   9.7; 1018.00;   14.0;   64.42;   22.1;    4.2;   -0.5;eor
       1766;20220507;    3;   9.6;   2.4;    3;   2.6;   6;    5.217;   0;   6.3;  11.7; 1017.11;   14.4;   74.21;   23.0;    7.5;    3.8;eor
       1766;20220508;    3;   8.2;   3.0;    3;   0.0;   0;   12.733;   0;   2.5;   8.4; 1021.26;   11.8;   63.00;   17.8;    6.9;    2.1;eor
       1766;20220509;    3;  10.8;   1.7;    3;   0.0;   0;   13.267;   0;   2.4;  10.1; 1018.61;   15.2;   61.71;   24.4;    3.4;   -1.3;eor
       1766;20220510;    3;  13.2;   3.7;    3;   0.0;   6;    3.683;   0;   6.9;  12.3; 1010.57;   18.4;   61.50;   25.4;   10.9;    7.1;eor
       1766;20220511;    3;  14.1;   5.3;    3;   1.3;   6;   12.050;   0;   6.0;  11.7; 1004.14;   19.7;   52.29;   25.3;   14.4;   13.2;eor
       1766;20220512;    3;  14.4;   4.6;    3;   0.0;   0;   10.900;   0;   4.8;   9.6; 1010.65;   14.9;   59.04;   20.3;    8.8;    5.2;eor
       1766;20220513;    3;  13.9;   4.7;    3;   0.0;   0;    5.033;   0;   6.0;   9.7; 1012.42;   14.0;   61.83;   19.7;    8.1;    3.2;eor
       1766;20220514;    3;   8.2;   2.5;    3;   0.0;   0;   10.800;   0;   3.9;  10.3; 1014.64;   15.3;   62.00;   22.5;    7.9;    4.0;eor
       1766;20220515;    3;   7.5;   2.2;    3;   0.0;   0;   14.433;   0;   4.5;  10.3; 1013.33;   17.6;   55.13;   24.6;    6.7;    2.7;eor
       1766;20220516;    3;  10.5;   2.5;    3;   0.4;   6;    3.883;   0;   5.7;  13.6; 1009.95;   18.9;   63.38;   24.2;   10.8;    7.4;eor
       1766;20220517;    3;   7.2;   1.9;    3;   0.0;   6;    6.100;   0;   6.2;  14.1; 1014.48;   16.9;   74.42;   22.0;    9.5;    5.7;eor
       1766;20220518;    3;   7.9;   2.1;    3;   0.0;   0;   10.533;   0;   6.2;  15.3; 1014.11;   22.4;   60.04;   30.3;   14.8;   12.8;eor
       1766;20220519;    3;  29.2;   2.8;    3;  11.0;   6;    5.033;   0;   6.4;  16.3; 1012.34;   19.7;   73.63;   29.2;   13.2;   10.6;eor
       1766;20220520;    3;  19.9;   3.4;    3;   4.1;   6;    7.483;   0;   6.2;  14.3; 1011.49;   16.2;   78.13;   23.1;   10.7;    8.7;eor
       1766;20220521;    3;  11.8;   5.1;    3;   0.0;   6;    2.583;   0;   6.3;  11.4; 1013.36;   14.6;   69.58;   19.5;    8.3;    4.9;eor
       1766;20220522;    3;   6.5;   1.5;    3;   0.0;   6;   12.800;   0;   5.5;  10.4; 1009.65;   14.6;   65.50;   20.7;    5.5;    2.5;eor
       1766;20220523;    3;  13.9;   3.4;    3;   6.6;   6;    4.000;   0;   7.0;  14.4;  996.06;   18.7;   67.63;   25.8;   13.7;   12.3;eor
       1766;20220524;    3;  13.9;   4.6;    3;   1.4;   6;    3.200;   0;   6.5;  12.2;  999.52;   13.8;   78.08;   18.3;    9.7;    7.7;eor
       1766;20220525;    1;  12.9;   4.5;    1;   0.0;   6;    6.950;   0;   5.3;  10.4; 1008.09;   14.7;   64.42;   19.9;    6.9;    3.9;eor
       1766;20220526;    1;  13.9;   6.6;    1;   4.9;   6;    1.700;   0;   7.5;  12.7; 1012.26;   17.1;   65.67;   20.4;   14.7;   13.9;eor
       1766;20220527;    1;  17.5;   6.9;    1;   0.2;   6;    9.533;   0;   5.3;  10.6; 1012.95;   14.5;   65.17;   18.4;   10.5;    9.0;eor
       1766;20220528;    1;  12.3;   5.2;    1;   0.0;   6;    6.967;   0;   4.3;   9.2; 1012.81;   12.0;   66.21;   16.5;    7.0;    5.2;eor
       1766;20220529;    1;   9.4;   3.5;    1;   0.1;   6;    0.917;   0;   7.0;   9.4; 1007.85;   10.3;   75.54;   14.7;    6.9;    5.0;eor
       1766;20220530;    1;   6.7;   1.7;    1;   0.0;   0;    1.017;   0;   7.0;   8.7; 1007.50;   10.6;   69.13;   14.6;    5.8;    1.2;eor
       1766;20220531;    1;   8.7;   1.9;    1;   0.0;   6;    5.950;   0;   5.8;   8.9; 1007.36;   12.3;   64.75;   18.6;    4.0;    0.4;eor
       1766;20220601;    1;  17.0;   2.2;    1;   7.1;   6;    3.200;   0;   5.6;  10.8; 1008.72;   11.6;   79.75;   18.4;    6.8;    4.0;eor
       1766;20220602;    1;   8.1;   1.4;    1;   0.0;   0;   11.467;   0;   2.8;  10.0; 1014.87;   13.1;   69.79;   19.6;    4.7;    2.0;eor
       1766;20220603;    1;   9.9;   3.3;    1;   0.0;   0;   12.500;   0;   4.2;  11.0; 1012.75;   16.9;   60.46;   23.7;    7.7;    3.7;eor
       1766;20220604;    1;  10.5;   3.7;    1;   0.0;   0;    9.583;   0;   4.3;  12.2; 1014.03;   17.9;   60.08;   24.2;   11.6;   10.5;eor
       1766;20220605;    1;  14.2;   3.3;    1;   2.3;   6;    2.267;   0;   7.2;  15.2; 1007.81;   18.4;   72.38;   24.1;   13.7;   12.6;eor
       1766;20220606;    1;  17.1;   6.7;    1;   0.8;   6;    5.267;   0;   6.7;  13.0; 1007.12;   16.6;   70.33;   21.5;   12.0;   11.5;eor
       1766;20220607;    1;  11.7;   4.0;    1;   0.1;   6;    2.583;   0;   6.8;  13.5; 1005.83;   16.0;   75.42;   20.9;   11.8;    9.3;eor
       1766;20220608;    1;  15.4;   2.4;    1;   4.5;   6;    1.983;   0;   6.8;  14.9; 1001.70;   15.9;   83.29;   22.1;   10.2;    7.1;eor
       1766;20220609;    1;  10.8;   3.5;    1;   0.0;   6;    3.167;   0;   5.9;  13.8; 1007.64;   16.6;   74.29;   21.2;    9.8;    6.1;eor
       1766;20220610;    1;   9.4;   2.7;    1;   0.0;   6;    3.533;   0;   5.8;  14.2; 1015.11;   17.0;   74.25;   23.2;    7.7;    4.5;eor
       1766;20220611;    1;  10.6;   4.1;    1;   0.0;   0;   12.850;   0;   3.5;  13.5; 1015.50;   20.5;   57.17;   25.1;   14.2;   10.5;eor
       1766;20220612;    1;  11.3;   3.6;    1;   0.6;   6;   13.133;   0;   4.5;  11.5; 1015.11;   17.9;   58.58;   24.5;   10.3;    5.9;eor
       1766;20220613;    1;  14.4;   3.5;    1;   0.3;   6;    8.283;   0;   3.8;  10.8; 1015.28;   14.7;   66.88;   20.8;    8.7;    4.1;eor
       1766;20220614;    1;   6.9;   1.7;    1;   0.0;   0;   12.833;   0;   3.8;  10.2; 1016.27;   14.7;   64.42;   21.1;    6.3;    2.2;eor
       1766;20220615;    1;   8.7;   2.9;    1;   0.0;   0;   15.083;   0;   3.4;  10.9; 1012.63;   18.7;   53.75;   26.7;    8.6;    3.6;eor
       1766;20220616;    1;   9.9;   3.3;    1;   0.0;   0;   10.950;   0;   4.0;  10.9; 1015.83;   17.6;   56.29;   24.7;   10.1;    6.7;eor
       1766;20220617;    1;   7.7;   2.2;    1;   0.0;   0;    9.183;   0;   5.9;  12.1; 1016.36;   20.4;   54.83;   29.3;    9.4;    5.5;eor
       1766;20220618;    1;   9.8;   3.5;    1;   0.0;   0;   12.750;   0;   3.4;  16.6; 1009.19;   24.2;   57.00;   32.4;   14.7;   11.4;eor
       1766;20220619;    1;  11.7;   4.5;    1;   0.2;   6;    6.817;   0;   5.8;  13.0; 1004.84;   16.9;   68.04;   21.5;   12.5;   11.6;eor
       1766;20220620;    1;  10.3;   3.6;    1;   0.0;   0;    6.617;   0;   5.0;  10.9; 1008.79;   15.5;   64.04;   21.3;    9.6;    4.6;eor
       1766;20220621;    1;   6.2;   1.6;    1;   0.0;   0;   11.767;   0;   5.0;  10.2; 1008.97;   16.4;   58.71;   23.8;    6.0;    1.3;eor
       1766;20220622;    1;   8.9;   2.4;    1;   0.0;   0;   15.483;   0;   1.9;  10.6; 1006.85;   20.4;   48.33;   27.6;   10.6;    6.1;eor
       1766;20220623;    1;   8.7;   2.3;    1;   0.4;   6;   15.400;   0;   0.7;  12.5; 1005.03;   24.6;   45.08;   32.8;   11.9;    6.9;eor
       1766;20220624;    1;   8.9;   3.0;    1;   2.4;   6;    3.550;   0;   5.9;  17.6; 1000.80;   21.8;   68.13;   25.3;   17.4;   14.2;eor
       1766;20220625;    1;  10.1;   2.6;    1;   0.0;   0;   12.717;   0;   5.0;  15.6; 1005.29;   21.8;   63.13;   27.9;   15.1;   12.3;eor
       1766;20220626;    1;   9.8;   2.7;    1;   0.6;   6;    4.317;   0;   6.8;  15.1; 1008.68;   20.1;   65.00;   23.7;   16.8;   15.1;eor
       1766;20220627;    1;   8.2;   2.5;    1;   2.1;   6;    0.217;   0;   7.0;  16.2; 1010.33;   17.1;   83.04;   20.4;   13.2;   11.7;eor
       1766;20220628;    1;   9.6;   2.0;    1;   0.0;   0;   11.900;   0;   2.8;  12.7; 1014.33;   18.2;   64.88;   25.3;    9.8;    7.1;eor
       1766;20220629;    1;   6.7;   1.8;    1;   0.0;   0;    2.617;   0;   5.3;  14.3; 1008.38;   20.7;   60.67;   27.6;   11.3;    7.3;eor
       1766;20220630;    1;  19.0;   2.9;    1;   6.7;   6;   11.117;   0;   3.8;  16.7; 1004.80;   23.4;   61.58;   31.5;   14.8;   13.4;eor
       1766;20220701;    1;  10.1;   4.4;    1;   0.0;   0;    5.933;   0;   6.0;  12.5; 1011.58;   17.3;   65.38;   22.9;   11.6;    8.4;eor
       1766;20220702;    1;   9.3;   2.2;    1;   0.0;   0;   12.533;   0;   2.7;  11.8; 1014.52;   19.3;   57.08;   26.7;    9.4;    6.7;eor
       1766;20220703;    1;  14.7;   3.2;    1;   0.0;   0;   11.517;   0;   2.9;  13.3; 1011.33;   20.5;   57.71;   27.2;   13.1;   10.6;eor
       1766;20220704;    1;   9.9;   3.2;    1;   0.0;   0;   11.567;   0;   2.5;  12.3; 1013.58;   18.0;   62.38;   24.6;   10.6;    7.0;eor
       1766;20220705;    1;  11.0;   2.8;    1;   0.0;   0;    6.300;   0;   4.8;  11.2; 1015.91;   17.4;   59.00;   23.9;   10.6;    7.8;eor
       1766;20220706;    1;   9.8;   3.2;    1;   1.6;   6;    2.400;   0;   6.5;  11.3; 1017.49;   16.1;   63.58;   21.7;    9.6;    5.8;eor
       1766;20220707;    1;  13.9;   5.2;    1;   2.4;   6;    1.800;   0;   7.3;  14.0; 1015.55;   16.4;   74.75;   19.3;   14.3;   13.9;eor
       1766;20220708;    1;   9.6;   3.5;    1;   0.0;   6;    3.250;   0;   6.7;  13.7; 1023.21;   17.7;   67.67;   23.4;   13.4;   12.7;eor
       1766;20220709;    1;  12.5;   4.2;    1;   0.0;   6;    6.583;   0;   7.0;  14.2; 1019.83;   18.2;   69.04;   24.3;   13.7;   12.7;eor
       1766;20220710;    1;   9.1;   3.1;    1;   1.5;   6;    0.650;   0;   7.3;  13.9; 1018.38;   15.3;   79.46;   17.4;   12.9;   11.9;eor
       1766;20220711;    1;   6.9;   2.2;    1;   0.0;   6;    1.017;   0;   6.4;  15.8; 1017.48;   17.1;   81.54;   21.4;   12.1;    8.1;eor
       1766;20220712;    1;   7.4;   1.4;    1;   0.0;   6;   11.067;   0;   5.6;  14.7; 1017.93;   20.4;   65.71;   29.1;    9.8;    6.7;eor
       1766;20220713;    1;  12.7;   4.4;    1;   0.0;   0;    6.950;   0;   6.0;  15.8; 1013.25;   23.9;   55.54;   31.1;   14.5;   10.9;eor
       1766;20220714;    1;  12.2;   3.0;    1;   0.0;   0;    9.617;   0;   4.6;  12.0; 1013.98;   17.5;   63.00;   23.7;   10.6;    6.4;eor
       1766;20220715;    1;   9.1;   2.7;    1;   0.0;   6;    5.083;   0;   4.9;  10.9; 1015.55;   16.6;   60.33;   22.0;    9.0;    4.3;eor
       1766;20220716;    1;  11.7;   4.0;    1;   0.0;   0;   11.233;   0;   3.8;  10.9; 1017.08;   17.8;   55.25;   22.7;   10.1;    5.3;eor
       1766;20220717;    1;   6.2;   1.5;    1;   0.0;   0;   14.583;   0;   4.0;  10.0; 1020.62;   18.0;   54.00;   26.7;    7.0;    3.3;eor
       1766;20220718;    1;   8.4;   1.8;    1;   0.0;   0;   13.667;   0;   4.8;  11.0; 1016.03;   23.1;   45.29;   34.0;   10.4;    7.1;eor
       1766;20220719;    1;   7.7;   1.9;    1;   0.0;   0;   14.633;   0;   0.8;  11.4; 1011.03;   28.1;   36.25;   38.0;   14.2;   10.8;eor
       1766;20220720;    1;  11.7;   3.5;    1;  21.7;   6;   12.550;   0;   2.8;  15.5; 1009.62;   27.7;   42.67;   34.2;   19.9;   19.6;eor
       1766;20220721;    1;  10.5;   4.0;    1;   0.5;   6;    2.433;   0;   7.5;  19.0; 1011.78;   19.6;   83.88;   24.2;   16.2;   16.1;eor
       1766;20220722;    1;   7.5;   2.4;    1;   2.3;   6;    0.133;   0;   7.3;  14.2; 1013.65;   17.1;   73.71;   20.5;   13.2;   11.4;eor
       1766;20220723;    1;   7.7;   2.0;    1;   0.0;   0;   13.283;   0;   3.3;  14.1; 1013.18;   18.3;   69.42;   24.3;   13.4;   12.6;eor
       1766;20220724;    1;  10.3;   2.8;    1;   0.0;   0;   14.050;   0;   4.1;  15.8; 1011.02;   22.7;   60.08;   30.0;   13.5;   11.5;eor
       1766;20220725;    1;  13.2;   4.6;    1;   0.0;   6;    6.683;   0;   5.5;  16.0; 1003.51;   23.7;   55.54;   30.8;   17.5;   14.9;eor
       1766;20220726;    1;   9.8;   3.8;    1;   5.7;   6;    1.417;   0;   6.7;  14.4; 1009.55;   18.1;   69.13;   20.6;   13.3;   11.3;eor
       1766;20220727;    1;-999;-999;    1;   0.0;   0;    3.017;   0;   5.8;  11.1; 1013.66;   15.7;   64.13;   21.2;   10.1;    7.6;eor
       1766;20220728;    1;-999;   2.6;    1;   0.0;   0;   12.417;   0;   6.2;  10.9; 1012.81;   16.9;   59.79;   23.3;    8.1;    6.0;eor
       1766;20220729;    1;   7.2;   2.2;    1;   0.5;   6;    0.967;   0;   6.8;  13.4; 1010.45;   18.6;   62.71;   23.6;   14.3;   12.1;eor
       1766;20220730;    1;   8.7;   2.5;    1;   0.0;   0;   11.400;   0;   3.8;  13.7; 1011.72;   19.8;   62.67;   26.4;   11.9;    9.6;eor
       1766;20220731;    1;  11.8;   3.2;    1;   5.3;   6;    0.483;   0;   7.1;  17.0; 1009.65;   19.8;   73.92;   24.8;   14.8;   12.9;eor
       1766;20220801;    1;   7.0;   2.5;    1;   0.9;   6;    2.300;   0;   6.2;  16.8; 1011.23;   18.9;   77.54;   22.8;   12.0;    9.9;eor
       1766;20220802;    1;  10.3;   2.6;    1;   0.0;   0;   13.533;   0;   5.0;  14.8; 1010.90;   20.2;   66.21;   28.7;    9.4;    7.5;eor
       1766;20220803;    1;   8.9;   2.6;    1;   0.0;   0;   13.750;   0;   3.9;  17.4; 1008.65;   24.3;   61.04;   32.5;   15.5;   13.9;eor
       1766;20220804;    1;  13.7;   2.8;    1;   2.1;   6;    7.200;   0;   5.6;  18.8; 1006.86;   25.0;   61.25;   34.2;   19.1;   16.9;eor
       1766;20220805;    1;  11.5;   3.1;    1;   3.0;   6;    5.050;   0;   4.8;  14.4; 1012.01;   17.7;   72.21;   22.9;   11.4;    8.6;eor
